会員ID,登録エリア,性別,生まれ年,回答時の年齢,年代,都道府県,会員市町村,世帯年収,UA,回答日時,回答月,回答エリア,回答エリア2,市町村,6分類,DMO,宿泊数（全体）,宿泊数（県内）,宿泊エリア（県内）,宿泊エリア（県外）,同行者,訪問目的ALL,宿でのんびり過ごす,温泉や露天風呂,地元の美味しいものを食べる,花見や紅葉などの自然鑑賞,名所、旧跡の観光,テーマパーク（遊園地、動物園、博物館など）,買い物、アウトレット,お祭りやイベントへの参加・見物,スポーツ観戦や芸能鑑賞（コンサート等）,アウトドア（海水浴、釣り、登山など）,まちあるき、都市散策,各種体験（手作り、果物狩りなど）,スキー・スノボ、マリンスポーツ,その他スポーツ（ゴルフ、テニスなど）,ドライブ・ツーリング,友人・親戚を尋ねる,出張など仕事関係,その他,福井県までの交通手段ALL,自家用車,レンタカー,新幹線,在来線,飛行機,旅行会社ツアーバス,県外から訪れていない（福井県在住）,その他,福井県内での交通手段ALL,自家用車,レンタカー,タクシー,在来線,旅行会社ツアーバス,路線バス,徒歩,レンタサイクル,その他,福井県内での交通手段の満足度,福井県内での交通手段の満足度の理由,宿泊費,交通費,県内消費額,エリア訪問回数,情報収集ALL,観光展・物産展,新聞・雑誌・ガイドブック,TV・ラジオ番組やCM,観光パンフレット・ポスター,観光連盟やDMOのHP,インターネット・アプリ,Twitter,Instagram,Facebook,ブログ,友人・知人,観光協会等の案内所,タクシードライバーや地元の人,宿泊施設,その他,アンケート回答前に訪問した主な場所,アンケート回答前に訪問した主な場所FA,アンケート回答後に訪問する予定の主な場所,アンケート回答前に訪問した主な場所FA,エリア総消費額,満足度(商品・サービス),満足度(商品・サービス)の理由,満足度,満足度の理由,不便さ,不便さの内容,NPS,推奨項目,施設に求めるもの,今後の来訪意向,福井県に求めるもの
206419,大本山 永平寺 エリア,女,1979,47,40代,京都府,京都市右京区,200万円以上 300万円未満,mobile/iphone,2026-08-11 23:44:11,8月,大本山 永平寺 エリア,34.大本山 永平寺 エリア,永平寺町,福井市・永平寺町,,日帰り,福井県内には宿泊しない,福井県内には宿泊しない,岐阜県大垣市,友人,"地元の美味しいものを食べる
名所、旧跡の観光
",0,0,1,0,1,0,0,0,0,0,0,0,0,0,0,0,0,0,"自家用車
",1,0,0,0,0,0,0,0,"自家用車
",1,0,0,0,0,0,0,0,0,,,使わない,使わない,"5,000円以上 10,000円未満",初めて,"インターネット・アプリ
観光協会等の案内所
",0,0,0,0,0,1,0,0,0,0,0,1,0,0,0,大本山永平寺,,選択なし/該当施設なし,道のオアシス　フォーシーズンテラス,"5,000円以上 10,000円未満",とても満足,"永平寺参道と道の駅で買い物をしました。
昔ながらのものと、今風のものがあり、どちらも楽しめました。",とても満足,"永平寺がとても良かったです。
また季節を変えてお詣りしたいです。
道のオアシスも、こんどは子どもと川遊びしたいです",感じなかった,,10,"京都に住んでいますが
また違う厳かな雰囲気と
ご当地ならではの特産品が楽しめたので。","自然
お蕎麦
お土産の特産品",また行きたい（1年以内）,次回は海鮮と温泉を楽しみに行こうと思っています。
206415,北陸新幹線 越前たけふ駅 エリア,女,1976,50,50代,大阪府,大阪市平野区,700万円以上 800万円未満,mobile/android,2026-08-11 23:41:17,8月,北陸新幹線 越前たけふ駅 エリア,38.北陸新幹線 越前たけふ駅 エリア,越前市,丹南,,1泊,1泊,越前エリア（越前市・越前町・鯖江市・池田町・南越前町）,福井県外には宿泊しない,中学生以上連れの家族,"その他
",0,0,0,0,0,0,0,0,0,0,0,0,0,0,0,0,0,お墓参り,"自家用車
",1,0,0,0,0,0,0,0,"自家用車
",1,0,0,0,0,0,0,0,0,,,"5,000円以上 10,000円未満","3,000円以上 5,000円未満","5,000円以上 10,000円未満",初めて,"インターネット・アプリ
",0,0,0,0,0,1,0,0,0,0,0,0,0,0,0,道の駅「河野」,,ふれあいパーク三里浜(道の駅「みくに」),,"10,000円以上 20,000円未満",とても満足,宿泊したホテルが、夜、朝ご飯付きでお手頃で泊まれた。夜ご飯は、併設の居酒屋で提供されたのですが、とても良かった。提供された夜ご飯だけでも満足なのですが、飲み放題と追加で一品料理を注文して、大満足でした。,とても満足,ホテルの人も、ご飯を食べたお店も、ホテルから近くのローソンに行った時も、皆さん親切でとても気持ちが良かった。,感じなかった,,8,人もご飯もとても良かった。,車で来ていたので、駅付近には行っていないので、機会があれば、次は駅付近に行ってみたい。,機会があれば行きたい,機会があれば、ダイビング、そば打ち体験をしてみたい。
109094,越前海岸 越前岬 エリア,女,1974,52,50代,京都府,宇治市,800万円以上 900万円未満,mobile/iphone,2026-08-11 23:30:15,8月,道の駅「越前」 エリア,49.道の駅「越前」 エリア,越前町,丹南,一般社団法人 越前町観光連盟（DMO ECHIZEN）,1泊,1泊,越前エリア（越前市・越前町・鯖江市・池田町・南越前町）,福井県外には宿泊しない,夫婦2人,"アウトドア（海水浴、釣り、登山など）
",0,0,0,0,0,0,0,0,0,1,0,0,0,0,0,0,0,0,"自家用車
",1,0,0,0,0,0,0,0,"自家用車
",1,0,0,0,0,0,0,0,0,とても満足,,"10,000円以上 20,000円未満","3,000円以上 5,000円未満","3,000円以上 5,000円未満",11回目以上,"インターネット・アプリ
",0,0,0,0,0,1,0,0,0,0,0,0,0,0,0,選択なし/該当施設なし,,選択なし/該当施設なし,,"3,000円以上 5,000円未満",とても満足,,とても満足,,感じなかった,,10,,,また行きたい（1年以内）,
109094,越前海岸 越前岬 エリア,女,1974,52,50代,京都府,宇治市,800万円以上 900万円未満,mobile/iphone,2026-08-11 23:26:59,8月,道の駅「パークイン丹生ヶ丘」 エリア,50.道の駅「パークイン丹生ヶ丘」 エリア,越前町,丹南,一般社団法人 越前町観光連盟（DMO ECHIZEN）,1泊,1泊,越前エリア（越前市・越前町・鯖江市・池田町・南越前町）,福井県外には宿泊しない,夫婦2人,"温泉や露天風呂
アウトドア（海水浴、釣り、登山など）
",0,1,0,0,0,0,0,0,0,1,0,0,0,0,0,0,0,0,"自家用車
",1,0,0,0,0,0,0,0,"自家用車
",1,0,0,0,0,0,0,0,0,,,"10,000円以上 20,000円未満","3,000円以上 5,000円未満","3,000円以上 5,000円未満",2～5回目,"インターネット・アプリ
",0,0,0,0,0,1,0,0,0,0,0,0,0,0,0,選択なし/該当施設なし,,選択なし/該当施設なし,,"3,000円以上 5,000円未満",とても満足,,とても満足,,感じなかった,,10,,,また行きたい（1年以内）,
206417,道の駅みくに ふれあいパーク三里浜 エリア,女,1980,46,40代,大阪府,茨木市,500万円以上 600万円未満,mobile/iphone,2026-08-11 22:54:54,8月,道の駅みくに ふれあいパーク三里浜 エリア,15.道の駅みくに ふれあいパーク三里浜 エリア,坂井市,あわら市・坂井市,(一社)DMOさかい観光局,2泊,2泊,福井エリア（福井市・永平寺町）,福井県外には宿泊しない,夫婦2人,"その他
",0,0,0,0,0,0,0,0,0,0,0,0,0,0,0,0,0,近畿道の駅スタンプラリーのため,"自家用車
",1,0,0,0,0,0,0,0,"自家用車
",1,0,0,0,0,0,0,0,0,,,"5,000円以上 10,000円未満","10,000円以上 20,000円未満","5,000円以上 10,000円未満",初めて,"その他
",0,0,0,0,0,0,0,0,0,0,0,0,0,0,近畿道の駅スタンプラリー帳,あわら温泉街,,道の駅「パークイン丹生ヶ丘」,,"1,000円以上 3,000円未満",満足,福井のお土産が豊富にあったから,満足,,感じなかった,,8,"道の駅若狭美浜はまびより
新しい道の駅なのでとてもきれいで食事や商品が充実しており、店員さんも活気がありよかったです",その道の駅でしか買えない、食べられないものを増やしてもらえると嬉しいです,機会があれば行きたい,見た目が華やかで豪華に見えるものだと買ってみよう、食べてみようと思えるため、1切れが大きい鯖寿司や、カツがはみ出るようなソースカツ丼などわかりやすいとよいと思います
206416,福井駅前 エリア（宿泊施設）,男,1970,56,50代,埼玉県,さいたま市中央区,700万円以上 800万円未満,mobile/iphone,2026-08-11 22:43:31,8月,福井駅前 エリア（宿泊施設）,02.福井駅前 エリア（宿泊施設）,福井市,福井市・永平寺町,,4泊以上,3泊,福井エリア（福井市・永平寺町）,石川県加賀市,自分ひとり,"温泉や露天風呂
名所、旧跡の観光
テーマパーク（遊園地、動物園、博物館など）
",0,1,0,0,1,1,0,0,0,0,0,0,0,0,0,0,0,0,"レンタカー
新幹線
",0,1,1,0,0,0,0,0,"レンタカー
",0,1,0,0,0,0,0,0,0,とても満足,移動が自由　時間もルートも,"20,000円以上 30,000円未満","50,000円以上 100,000円未満","20,000円以上 30,000円未満",2～5回目,"新聞・雑誌・ガイドブック
インターネット・アプリ
",0,1,0,0,0,1,0,0,0,0,0,0,0,0,0,丸岡城,,一乗谷朝倉氏遺跡,,"10,000円以上 20,000円未満",満足,,不満,古いきたない,感じた,駅から少し離れると急激にコンビニが少ない,8,ローカルグルメ,,機会があれば行きたい,
206414,web,女,1991,35,30代,静岡県,沼津市,700万円以上 800万円未満,mobile/android,2026-08-11 22:33:20,8月,一乗谷朝倉氏遺跡 エリア,06.一乗谷朝倉氏遺跡 エリア,福井市,福井市・永平寺町,,1泊,1泊,福井エリア（福井市・永平寺町）,福井県外には宿泊しない,友人,"名所、旧跡の観光
",0,0,0,0,1,0,0,0,0,0,0,0,0,0,0,0,0,0,"在来線
",0,0,0,1,0,0,0,0,"旅行会社ツアーバス
",0,0,0,0,1,0,0,0,0,とても満足,ガイドさんがよかったから,"10,000円以上 20,000円未満","40,000円以上 50,000円未満","20,000円以上 30,000円未満",初めて,"インターネット・アプリ
",0,0,0,0,0,1,0,0,0,0,0,0,0,0,0,大本山永平寺,,福井駅,,使わない,どちらでもない,博物館はとてもよかったです！,どちらでもない,,感じなかった,,5,福井県立一乗谷朝倉氏遺跡博物館はまた行きたいと思いました。町並みは微妙でした。,,機会があれば行きたい,
206414,web,女,1991,35,30代,静岡県,沼津市,700万円以上 800万円未満,mobile/android,2026-08-11 22:29:17,8月,福井駅前 エリア,01.福井駅前 エリア,福井市,福井市・永平寺町,,1泊,1泊,福井エリア（福井市・永平寺町）,福井県外には宿泊しない,友人,"地元の美味しいものを食べる
名所、旧跡の観光
",0,0,1,0,1,0,0,0,0,0,0,0,0,0,0,0,0,0,"新幹線
在来線
",0,0,1,1,0,0,0,0,"在来線
",0,0,0,1,0,0,0,0,0,とても満足,,"10,000円以上 20,000円未満","40,000円以上 50,000円未満","20,000円以上 30,000円未満",初めて,"新聞・雑誌・ガイドブック
インターネット・アプリ
",0,1,0,0,0,1,0,0,0,0,0,0,0,0,0,選択なし/該当施設なし,,養浩館庭園,,"20,000円以上 30,000円未満",満足,,とても満足,,感じなかった,,10,駅もきれいでご当地グルメも楽しめてよかったです,,機会があれば行きたい,
206395,九頭竜川 エリア（鮎・釣り）,女,1957,69,60代,福井県,福井市,300万円以上 400万円未満,mobile/iphone,2026-08-11 21:19:36,8月,道の駅「禅の里」 エリア,35.道の駅「禅の里」 エリア,永平寺町,福井市・永平寺町,,日帰り,4泊以上,福井エリア（福井市・永平寺町）,福井県外には宿泊しない,その他家族,"地元の美味しいものを食べる
",0,0,1,0,0,0,0,0,0,0,0,0,0,0,0,0,0,0,"自家用車
",1,0,0,0,0,0,0,0,"自家用車
",1,0,0,0,0,0,0,0,0,,,"20,000円以上 30,000円未満","20,000円以上 30,000円未満","20,000円以上 30,000円未満",2～5回目,"TV・ラジオ番組やCM
",0,0,1,0,0,0,0,0,0,0,0,0,0,0,0,選択なし/該当施設なし,,選択なし/該当施設なし,,"1,000円以上 3,000円未満",どちらでもない,,どちらでもない,,感じた,,6,,,福井県在住,
206391,九頭竜川 エリア（鮎・釣り）,無回答,1982,44,40代,東京都,台東区,600万円以上 700万円未満,mobile/android,2026-08-11 21:13:17,8月,道の駅「禅の里」 エリア,35.道の駅「禅の里」 エリア,永平寺町,福井市・永平寺町,,2泊,2泊,福井エリア（福井市・永平寺町）,福井県外には宿泊しない,夫婦2人,"地元の美味しいものを食べる
",0,0,1,0,0,0,0,0,0,0,0,0,0,0,0,0,0,0,"在来線
",0,0,0,1,0,0,0,0,"レンタカー
",0,1,0,0,0,0,0,0,0,満足,,"20,000円以上 30,000円未満","50,000円以上 100,000円未満","20,000円以上 30,000円未満",初めて,"観光展・物産展
",1,0,0,0,0,0,0,0,0,0,0,0,0,0,0,選択なし/該当施設なし,鮎,選択なし/該当施設なし,,"1,000円以上 3,000円未満",どちらでもない,,どちらでもない,,感じなかった,,5,,,機会があれば行きたい,
206411,越前陶芸村 エリア,女,1987,39,30代,福井県,丹生郡,500万円以上 600万円未満,mobile/iphone,2026-08-11 20:53:22,8月,越前陶芸村 エリア,52.越前陶芸村 エリア,越前町,丹南,一般社団法人 越前町観光連盟（DMO ECHIZEN）,日帰り,福井県内には宿泊しない,福井県内には宿泊しない,福井県外には宿泊しない,中学生以上連れの家族,"まちあるき、都市散策
",0,0,0,0,0,0,0,0,0,0,1,0,0,0,0,0,0,0,"県外から訪れていない（福井県在住）
",0,0,0,0,0,0,1,0,"自家用車
",1,0,0,0,0,0,0,0,0,,,使わない,使わない,使わない,11回目以上,"インターネット・アプリ
",0,0,0,0,0,1,0,0,0,0,0,0,0,0,0,選択なし/該当施設なし,,選択なし/該当施設なし,,使わない,満足,,とても満足,,感じなかった,,10,,,福井県在住,
124827,web,女,1969,57,50代,大阪府,枚方市,200万円以上 300万円未満,mobile/iphone,2026-08-11 19:50:22,8月,福井駅前 エリア（宿泊施設）,02.福井駅前 エリア（宿泊施設）,福井市,福井市・永平寺町,,1泊,1泊,福井エリア（福井市・永平寺町）,福井県外には宿泊しない,夫婦2人,"宿でのんびり過ごす
地元の美味しいものを食べる
買い物、アウトレット
",1,0,1,0,0,0,1,0,0,0,0,0,0,0,0,0,0,0,"自家用車
",1,0,0,0,0,0,0,0,"自家用車
",1,0,0,0,0,0,0,0,0,,,"5,000円以上 10,000円未満","5,000円以上 10,000円未満","10,000円以上 20,000円未満",6～10回目,"新聞・雑誌・ガイドブック
インターネット・アプリ
",0,1,0,0,0,1,0,0,0,0,0,0,0,0,0,日本海さかな街,,選択なし/該当施設なし,,"1,000円以上 3,000円未満",満足,,満足,,感じなかった,,8,,,機会があれば行きたい,
101648,福井駅前 エリア,女,1994,32,30代,福井県,敦賀市,分からない/無回答,mobile/iphone,2026-08-11 19:35:14,8月,かずら橋 エリア,48.かずら橋 エリア,池田町,丹南,（一財）いけだ農村観光公社,日帰り,福井県内には宿泊しない,福井県内には宿泊しない,福井県外には宿泊しない,夫婦2人,"温泉や露天風呂
",0,1,0,0,0,0,0,0,0,0,0,0,0,0,0,0,0,0,"自家用車
",1,0,0,0,0,0,0,0,"自家用車
",1,0,0,0,0,0,0,0,0,,,"1,000円未満","1,000円未満","1,000円未満",2～5回目,"友人・知人
",0,0,0,0,0,0,0,0,0,0,1,0,0,0,0,選択なし/該当施設なし,,選択なし/該当施設なし,,使わない,満足,,満足,,感じなかった,,8,,,,
131612,劔神社 エリア,男,1991,35,30代,福井県,福井市,500万円以上 600万円未満,mobile/iphone,2026-08-11 19:23:14,8月,かずら橋 エリア,48.かずら橋 エリア,池田町,丹南,（一財）いけだ農村観光公社,日帰り,福井県内には宿泊しない,福井県内には宿泊しない,福井県外には宿泊しない,夫婦2人,"温泉や露天風呂
",0,1,0,0,0,0,0,0,0,0,0,0,0,0,0,0,0,0,"県外から訪れていない（福井県在住）
",0,0,0,0,0,0,1,0,"自家用車
",1,0,0,0,0,0,0,0,0,とても満足,,"5,000円以上 10,000円未満","1,000円以上 3,000円未満","3,000円以上 5,000円未満",2～5回目,"友人・知人
",0,0,0,0,0,0,0,0,0,0,1,0,0,0,0,選択なし/該当施設なし,冠荘,選択なし/該当施設なし,,"1,000円以上 3,000円未満",とても満足,,とても満足,,感じなかった,,10,,,,
206407,福井駅前 エリア（宿泊施設）,女,2008,18,10代,東京都,板橋区,"1,000万円以上 1,200万円未満",mobile/iphone,2026-08-11 19:03:35,8月,福井駅前 エリア（宿泊施設）,02.福井駅前 エリア（宿泊施設）,福井市,福井市・永平寺町,,3泊,2泊,福井エリア（福井市・永平寺町）,名古屋県,その他家族,"宿でのんびり過ごす
地元の美味しいものを食べる
花見や紅葉などの自然鑑賞
お祭りやイベントへの参加・見物
まちあるき、都市散策
",1,0,1,1,0,0,0,1,0,0,1,0,0,0,0,0,0,0,"新幹線
旅行会社ツアーバス
",0,0,1,0,0,1,0,0,"旅行会社ツアーバス
",0,0,0,0,1,0,0,0,0,とても満足,,"50,000円以上 100,000円未満","20,000円以上 30,000円未満","40,000円以上 50,000円未満",初めて,"観光展・物産展
観光パンフレット・ポスター
インターネット・アプリ
観光協会等の案内所
タクシードライバーや地元の人
宿泊施設
",1,0,0,1,0,1,0,0,0,0,0,1,1,1,0,三国サンセットビーチ,,選択なし/該当施設なし,,"20,000円以上 30,000円未満",とても満足,,とても満足,,感じなかった,,9,,,また行きたい（1年以内）,
186465,かつやま恐竜の森 エリア,男,1982,44,40代,石川県,能美市,"1,000万円以上 1,200万円未満",mobile/iphone,2026-08-11 18:56:18,8月,若州一滴文庫 エリア,85.若州一滴文庫 エリア,おおい町,嶺南西部,,日帰り,1泊,三国・あわらエリア（あわら市・坂井市）,滋賀県,中学生以上連れの家族,"温泉や露天風呂
地元の美味しいものを食べる
",0,1,1,0,0,0,0,0,0,0,0,0,0,0,0,0,0,0,"自家用車
",1,0,0,0,0,0,0,0,"自家用車
",1,0,0,0,0,0,0,0,0,とても満足,,"20,000円以上 30,000円未満","10,000円以上 20,000円未満","30,000円以上 40,000円未満",初めて,"新聞・雑誌・ガイドブック
観光パンフレット・ポスター
",0,1,0,1,0,0,0,0,0,0,0,0,0,0,0,三方五湖,,選択なし/該当施設なし,,"10,000円以上 20,000円未満",とても満足,,とても満足,,感じなかった,,10,,,,
195156,東尋坊 エリア,女,1987,39,30代,大阪府,和泉市,500万円以上 600万円未満,mobile/android,2026-08-11 18:44:39,8月,道の駅「南えちぜん山海里」 エリア,58.道の駅「南えちぜん山海里」 エリア,南越前町,丹南,,4泊以上,4泊以上,嶺南エリア（敦賀市・美浜町・若狭町・小浜市・おおい町・高浜町）,福井県外には宿泊しない,自分ひとり,"その他
",0,0,0,0,0,0,0,0,0,0,0,0,0,0,0,0,0,帰省,"在来線
",0,0,0,1,0,0,0,0,"自家用車
",1,0,0,0,0,0,0,0,0,とても満足,,"3,000円以上 5,000円未満","5,000円以上 10,000円未満","3,000円以上 5,000円未満",11回目以上,"その他
",0,0,0,0,0,0,0,0,0,0,0,0,0,0,両親,選択なし/該当施設なし,,選択なし/該当施設なし,,"1,000円以上 3,000円未満",とても満足,,とても満足,,感じなかった,,10,,,また行きたい（1年以内）,
143979,web,女,1982,44,40代,愛知県,小牧市,500万円以上 600万円未満,mobile/iphone,2026-08-11 18:19:17,8月,道の駅「若狭おばま」 エリア,68.道の駅「若狭おばま」 エリア,小浜市,嶺南西部,(株)まちづくり小浜,1泊,1泊,嶺南エリア（敦賀市・美浜町・若狭町・小浜市・おおい町・高浜町）,福井県外には宿泊しない,中学生以上連れの家族,"宿でのんびり過ごす
地元の美味しいものを食べる
花見や紅葉などの自然鑑賞
名所、旧跡の観光
まちあるき、都市散策
ドライブ・ツーリング
",1,0,1,1,1,0,0,0,0,0,1,0,0,0,1,0,0,0,"自家用車
",1,0,0,0,0,0,0,0,"自家用車
",1,0,0,0,0,0,0,0,0,,,"10,000円以上 20,000円未満","5,000円以上 10,000円未満","20,000円以上 30,000円未満",6～10回目,"観光連盟やDMOのHP
インターネット・アプリ
Instagram
",0,0,0,0,1,1,0,1,0,0,0,0,0,0,0,小浜町家ステイ,,熊川宿,,"10,000円以上 20,000円未満",とても満足,"おくどさんで食べて美味しいと思ったものが隣のお店で購入できるのがありがたいです。
何より鯖を使ったものが本当に美味しく感動します。",とても満足,小浜に行く度に必ず道の駅に寄りますが、毎年新しい商品が出ていてどれも商品説明が丁寧に書かれていたり、食べ方の例など写真付きで貼ってあるのが購入意欲を爆上げしてくれます。和久里のごはんやおくどさんのメニューも去年から変わっていて、より食べたくなるような盛り付けでとても満足でした。汁物が選べたのもかなり嬉しかったです。店内の大きな黒板に書かれた文章も食のこだわりがよく伝わり、食事が更に美味しくなりました。生産者さんの顔写真や紹介文の掲示物なども拝見しましたが、日頃はそういった機会がなかなか無いので改めて生産者へのありがたさも感じる事ができました。,感じなかった,,10,小浜には海もあり山もあり自然を感じることができ、美味しい食べ物があること。宿場町の街並みが風情があって非日常が良いです。観光地ですが人混みで疲れる事もなく、リフレッシュできます。観光客に楽しんでもらおうとしていろいろと考えてくれているのを感じることができて嬉しいです。,試食ができるとさらに色々な商品に挑戦しやすいかと思います。座って食べれるゾーンを増やしてもらえると助かります。,また行きたい（1年以内）,毎回小浜の古民家に泊まり、夕食はお酒を飲みたいので小浜駅周辺の居酒屋さんに歩いて行って食べるのですが、どこも満席な事が多く、予約ができないお店もあるので、商店街にもっとご飯屋さんがあると助かります。人魚の浜海水浴場辺りに1軒でもコンビニがあればと思います。
206377,大本山 永平寺 エリア,女,1982,44,40代,静岡県,掛川市,200万円以上 300万円未満,mobile/iphone,2026-08-11 17:27:20,8月,大本山 永平寺 エリア,34.大本山 永平寺 エリア,永平寺町,福井市・永平寺町,,日帰り,福井県内には宿泊しない,福井県内には宿泊しない,福井県外には宿泊しない,親,"名所、旧跡の観光
買い物、アウトレット
ドライブ・ツーリング
",0,0,0,0,1,0,1,0,0,0,0,0,0,0,1,0,0,0,"自家用車
",1,0,0,0,0,0,0,0,"自家用車
",1,0,0,0,0,0,0,0,0,,,"5,000円以上 10,000円未満","5,000円以上 10,000円未満","5,000円以上 10,000円未満",初めて,"観光展・物産展
",1,0,0,0,0,0,0,0,0,0,0,0,0,0,0,選択なし/該当施設なし,,選択なし/該当施設なし,,"5,000円以上 10,000円未満",とても満足,,とても満足,,感じなかった,,10,,,また行きたい（1年以内）,
147429,JR九頭竜湖駅 エリア,女,1959,67,60代,福井県,越前市,分からない/無回答,mobile/android,2026-08-11 17:21:08,8月,名勝 養浩館庭園 エリア,04.名勝 養浩館庭園 エリア,福井市,福井市・永平寺町,,日帰り,福井県内には宿泊しない,福井県内には宿泊しない,福井県外には宿泊しない,中学生以上連れの家族,"お祭りやイベントへの参加・見物
",0,0,0,0,0,0,0,1,0,0,0,0,0,0,0,0,0,0,"県外から訪れていない（福井県在住）
",0,0,0,0,0,0,1,0,"自家用車
",1,0,0,0,0,0,0,0,0,,,"1,000円以上 3,000円未満","1,000円未満","1,000円以上 3,000円未満",11回目以上,"新聞・雑誌・ガイドブック
",0,1,0,0,0,0,0,0,0,0,0,0,0,0,0,選択なし/該当施設なし,,選択なし/該当施設なし,,"1,000円以上 3,000円未満",どちらでもない,飲食店や喫茶店等が近くにない。,満足,,感じた,休憩スペースが欲しい。,8,,,福井県在住,
206389,かつやま恐竜の森 エリア,女,1970,56,50代,京都府,福知山市,800万円以上 900万円未満,mobile/iphone,2026-08-11 17:05:59,8月,かつやま恐竜の森 エリア,25.かつやま恐竜の森 エリア,勝山市,勝山市・大野市,勝山市観光まちづくり(株),1泊,1泊,奥越前エリア（勝山市・大野市）,その他,その他家族,"テーマパーク（遊園地、動物園、博物館など）
",0,0,0,0,0,1,0,0,0,0,0,0,0,0,0,0,0,0,"自家用車
",1,0,0,0,0,0,0,0,"自家用車
",1,0,0,0,0,0,0,0,0,とても満足,近い,"10,000円以上 20,000円未満","5,000円以上 10,000円未満","10,000円以上 20,000円未満",初めて,"インターネット・アプリ
",0,0,0,0,0,1,0,0,0,0,0,0,0,0,0,越前大仏,,選択なし/該当施設なし,,"10,000円以上 20,000円未満",満足,,満足,,感じなかった,,7,,,機会があれば行きたい,
107711,web,女,1988,38,30代,福井県,越前市,300万円以上 400万円未満,mobile/android,2026-08-11 16:57:31,8月,名勝 養浩館庭園 エリア,04.名勝 養浩館庭園 エリア,福井市,福井市・永平寺町,,日帰り,福井県内には宿泊しない,福井県内には宿泊しない,福井県外には宿泊しない,親,"花見や紅葉などの自然鑑賞
テーマパーク（遊園地、動物園、博物館など）
",0,0,0,1,0,1,0,0,0,0,0,0,0,0,0,0,0,0,"県外から訪れていない（福井県在住）
",0,0,0,0,0,0,1,0,"自家用車
",1,0,0,0,0,0,0,0,0,満足,,使わない,"1,000円以上 3,000円未満","1,000円以上 3,000円未満",6～10回目,"観光展・物産展
新聞・雑誌・ガイドブック
観光パンフレット・ポスター
",1,1,0,1,0,0,0,0,0,0,0,0,0,0,0,選択なし/該当施設なし,,選択なし/該当施設なし,,"1,000円未満",満足,,満足,,感じなかった,,5,,,また行きたい（1年以内）,
206404,うみんぴあ大飯 エリア,女,1989,37,30代,三重県,名張市,600万円以上 700万円未満,mobile/iphone,2026-08-11 16:56:16,8月,うみんぴあ大飯 エリア,84.うみんぴあ大飯 エリア,おおい町,嶺南西部,,3泊,福井県内には宿泊しない,福井県内には宿泊しない,京都府,団体旅行,"スキー・スノボ、マリンスポーツ
その他
",0,0,0,0,0,0,0,0,0,0,0,0,1,0,0,0,0,海遊び,"自家用車
",1,0,0,0,0,0,0,0,"自家用車
",1,0,0,0,0,0,0,0,0,とても満足,,"5,000円以上 10,000円未満","10,000円以上 20,000円未満","5,000円以上 10,000円未満",初めて,"その他
",0,0,0,0,0,0,0,0,0,0,0,0,0,0,通りすがり,選択なし/該当施設なし,,選択なし/該当施設なし,,"1,000円以上 3,000円未満",満足,,満足,,感じなかった,,10,,,また行きたい（1年以内）,
181201,道の駅「若狭おばま」 エリア,男,1986,40,40代,愛知県,愛知郡,100万円未満,mobile/iphone,2026-08-11 16:43:12,8月,丸岡城 エリア,13.丸岡城 エリア,坂井市,あわら市・坂井市,(一社)DMOさかい観光局,3泊,1泊,奥越前エリア（勝山市・大野市）,石川県金沢市,自分ひとり,"名所、旧跡の観光
",0,0,0,0,1,0,0,0,0,0,0,0,0,0,0,0,0,0,"自家用車
",1,0,0,0,0,0,0,0,"自家用車
",1,0,0,0,0,0,0,0,0,満足,,"5,000円以上 10,000円未満","5,000円以上 10,000円未満","3,000円以上 5,000円未満",初めて,"インターネット・アプリ
",0,0,0,0,0,1,0,0,0,0,0,0,0,0,0,選択なし/該当施設なし,,選択なし/該当施設なし,,使わない,満足,,満足,,感じなかった,,8,,,機会があれば行きたい,
206399,大本山 永平寺 エリア,女,1972,54,50代,福井県,福井市,500万円以上 600万円未満,mobile/android,2026-08-11 15:38:00,8月,大本山 永平寺 エリア,34.大本山 永平寺 エリア,永平寺町,福井市・永平寺町,,日帰り,福井県内には宿泊しない,福井エリア（福井市・永平寺町）,その他,その他家族,"地元の美味しいものを食べる
テーマパーク（遊園地、動物園、博物館など）
",0,0,1,0,0,1,0,0,0,0,0,0,0,0,0,0,0,0,"自家用車
",1,0,0,0,0,0,0,0,"自家用車
",1,0,0,0,0,0,0,0,0,,,使わない,"3,000円以上 5,000円未満","3,000円以上 5,000円未満",2～5回目,"その他
",0,0,0,0,0,0,0,0,0,0,0,0,0,0,1,選択なし/該当施設なし,,選択なし/該当施設なし,,"1,000円以上 3,000円未満",満足,,満足,,感じなかった,,10,,,,
132720,越前海岸 北部 エリア,女,1974,52,50代,福井県,福井市,"1,000万円以上 1,200万円未満",mobile/iphone,2026-08-11 15:33:04,8月,道の駅「越前おおの荒島の郷」 エリア,22.道の駅「越前おおの荒島の郷」 エリア,大野市,勝山市・大野市,,日帰り,福井県内には宿泊しない,福井エリア（福井市・永平寺町）,福井県外には宿泊しない,夫婦2人,"温泉や露天風呂
地元の美味しいものを食べる
",0,1,1,0,0,0,0,0,0,0,0,0,0,0,0,0,0,0,"県外から訪れていない（福井県在住）
",0,0,0,0,0,0,1,0,"自家用車
",1,0,0,0,0,0,0,0,0,,,"1,000円未満","1,000円未満","1,000円未満",11回目以上,"観光協会等の案内所
",0,0,0,0,0,0,0,0,0,0,0,1,0,0,0,選択なし/該当施設なし,,選択なし/該当施設なし,,"1,000円未満",とても満足,,とても満足,,感じなかった,,9,,,,
206397,大本山 永平寺 エリア,女,1990,36,30代,静岡県,磐田市,500万円以上 600万円未満,mobile/android,2026-08-11 15:31:31,8月,大本山 永平寺 エリア,34.大本山 永平寺 エリア,永平寺町,福井市・永平寺町,,4泊以上,4泊以上,福井エリア（福井市・永平寺町）,福井県外には宿泊しない,小学生以下連れの家族,"地元の美味しいものを食べる
アウトドア（海水浴、釣り、登山など）
まちあるき、都市散策
",0,0,1,0,0,0,0,0,0,1,1,0,0,0,0,0,0,0,"自家用車
",1,0,0,0,0,0,0,0,"自家用車
",1,0,0,0,0,0,0,0,0,,,"5,000円以上 10,000円未満","10,000円以上 20,000円未満","40,000円以上 50,000円未満",初めて,"その他
",0,0,0,0,0,0,0,0,0,0,0,0,0,0,家族,大本山永平寺,,選択なし/該当施設なし,,"1,000円以上 3,000円未満",どちらでもない,駐車場がなかなか停められず困った,とても満足,,感じた,駐車場,8,,,また行きたい（1年以内）,
196327,かつやま恐竜の森 エリア,女,2002,24,20代,東京都,大田区,300万円以上 400万円未満,mobile/iphone,2026-08-11 15:04:13,8月,東尋坊 エリア,10.東尋坊 エリア,坂井市,あわら市・坂井市,(一社)DMOさかい観光局,4泊以上,4泊以上,三国・あわらエリア（あわら市・坂井市）,福井県外には宿泊しない,恋人,"その他
",0,0,0,0,0,0,0,0,0,0,0,0,0,0,0,0,0,帰省,"自家用車
",1,0,0,0,0,0,0,0,"自家用車
",1,0,0,0,0,0,0,0,0,満足,,"1,000円未満","1,000円未満","1,000円未満",11回目以上,"その他
",0,0,0,0,0,0,0,0,0,0,0,0,0,0,帰省,選択なし/該当施設なし,,選択なし/該当施設なし,,"1,000円以上 3,000円未満",とても満足,,とても満足,,感じた,,10,,,また行きたい（1年以内）,
206395,九頭竜川 エリア（鮎・釣り）,女,1957,69,60代,福井県,福井市,300万円以上 400万円未満,mobile/iphone,2026-08-11 14:54:49,8月,九頭竜川 エリア（鮎・釣り）,32.九頭竜川 エリア（鮎・釣り）,永平寺町,福井市・永平寺町,,日帰り,4泊以上,福井エリア（福井市・永平寺町）,福井県外には宿泊しない,その他家族,"地元の美味しいものを食べる
",0,0,1,0,0,0,0,0,0,0,0,0,0,0,0,0,0,0,"自家用車
",1,0,0,0,0,0,0,0,"自家用車
",1,0,0,0,0,0,0,0,0,満足,美味しいものが味わえる,"20,000円以上 30,000円未満","20,000円以上 30,000円未満","20,000円以上 30,000円未満",2～5回目,"TV・ラジオ番組やCM
",0,0,1,0,0,0,0,0,0,0,0,0,0,0,0,越前大野城,,選択なし/該当施設なし,,"20,000円以上 30,000円未満",どちらでもない,,満足,,感じなかった,,7,食事が美味しい,,福井県在住,
206391,九頭竜川 エリア（鮎・釣り）,無回答,1982,44,40代,東京都,台東区,600万円以上 700万円未満,mobile/android,2026-08-11 14:50:14,8月,九頭竜川 エリア（鮎・釣り）,32.九頭竜川 エリア（鮎・釣り）,永平寺町,福井市・永平寺町,,2泊,2泊,福井エリア（福井市・永平寺町）,福井県外には宿泊しない,夫婦2人,"宿でのんびり過ごす
地元の美味しいものを食べる
",1,0,1,0,0,0,0,0,0,0,0,0,0,0,0,0,0,0,"新幹線
在来線
",0,0,1,1,0,0,0,0,"レンタカー
",0,1,0,0,0,0,0,0,0,どちらでもない,,"20,000円以上 30,000円未満","50,000円以上 100,000円未満","20,000円以上 30,000円未満",初めて,"観光展・物産展
",1,0,0,0,0,0,0,0,0,0,0,0,0,0,0,一乗谷朝倉氏遺跡,,選択なし/該当施設なし,,"5,000円以上 10,000円未満",満足,,満足,,感じた,,5,,,機会があれば行きたい,
206393,花の駅 ゆりの里公園 エリア,女,1987,39,30代,福井県,福井市,分からない/無回答,mobile/iphone,2026-08-11 14:32:16,8月,花の駅 ゆりの里公園 エリア,14.花の駅 ゆりの里公園 エリア,坂井市,あわら市・坂井市,(一社)DMOさかい観光局,日帰り,福井県内には宿泊しない,福井県内には宿泊しない,福井県民です,その他家族,"お祭りやイベントへの参加・見物
",0,0,0,0,0,0,0,1,0,0,0,0,0,0,0,0,0,0,"自家用車
",1,0,0,0,0,0,0,0,"自家用車
",1,0,0,0,0,0,0,0,0,とても満足,,使わない,使わない,"1,000円未満",2～5回目,"新聞・雑誌・ガイドブック
TV・ラジオ番組やCM
",0,1,1,0,0,0,0,0,0,0,0,0,0,0,0,選択なし/該当施設なし,,選択なし/該当施設なし,,使わない,とても満足,,とても満足,,感じた,,10,,,,
206392,越前そばの里 エリア,女,1973,53,50代,石川県,河北郡,分からない/無回答,mobile/android,2026-08-11 14:17:39,8月,越前そばの里 エリア,37.越前そばの里 エリア,越前市,丹南,,日帰り,福井県内には宿泊しない,福井県内には宿泊しない,福井県外には宿泊しない,恋人,"買い物、アウトレット
",0,0,0,0,0,0,1,0,0,0,0,0,0,0,0,0,0,0,"自家用車
",1,0,0,0,0,0,0,0,"自家用車
",1,0,0,0,0,0,0,0,0,とても満足,高速ですぐ,"1,000円未満","3,000円以上 5,000円未満","10,000円以上 20,000円未満",11回目以上,"インターネット・アプリ
",0,0,0,0,0,1,0,0,0,0,0,0,0,0,0,選択なし/該当施設なし,,選択なし/該当施設なし,,"10,000円以上 20,000円未満",どちらでもない,,どちらでもない,,感じた,混んでた,5,,,また行きたい（1年以内）,
162586,越前大野城・城下町 エリア,男,1982,44,40代,静岡県,静岡市清水区,分からない/無回答,mobile/android,2026-08-11 14:08:37,8月,JR敦賀駅前 エリア,63.JR敦賀駅前 エリア,敦賀市,嶺南東部,,4泊以上,福井県内には宿泊しない,福井県内には宿泊しない,京都府,自分ひとり,"まちあるき、都市散策
",0,0,0,0,0,0,0,0,0,0,1,0,0,0,0,0,0,0,"在来線
",0,0,0,1,0,0,0,0,"在来線
",0,0,0,1,0,0,0,0,0,満足,,使わない,"1,000円以上 3,000円未満","5,000円以上 10,000円未満",2～5回目,"TV・ラジオ番組やCM
",0,0,1,0,0,0,0,0,0,0,0,0,0,0,0,道の駅「若狭熊川宿」,,気比の松原,,"1,000円以上 3,000円未満",満足,,満足,,感じた,お土産店舗等が狭い,8,ちえなみき等魅力的な店があるので,土産は購買意欲がわかなかったです。一昨年福井駅で土産を買ったときと同じような商品が陳列されていたので,また行きたい（1年以内）,
100958,越前そばの里,女,1960,66,60代,福井県,越前市,100万円未満,mobile/android,2026-08-11 14:08:11,8月,かずら橋 エリア,48.かずら橋 エリア,池田町,丹南,（一財）いけだ農村観光公社,1泊,1泊,三国・あわらエリア（あわら市・坂井市）,石川県加賀市,夫婦2人,"温泉や露天風呂
",0,1,0,0,0,0,0,0,0,0,0,0,0,0,0,0,0,0,"自家用車
",1,0,0,0,0,0,0,0,"自家用車
",1,0,0,0,0,0,0,0,0,とても満足,,"5,000円以上 10,000円未満","5,000円以上 10,000円未満","5,000円以上 10,000円未満",2～5回目,"観光パンフレット・ポスター
宿泊施設
",0,0,0,1,0,0,0,0,0,0,0,0,0,1,0,一乗谷朝倉氏遺跡,,選択なし/該当施設なし,,"1,000円以上 3,000円未満",とても満足,,とても満足,,感じなかった,,10,,,また行きたい（1年以内）,
113765,道の駅「南えちぜん山海里」 エリア,女,1973,53,50代,福井県,越前市,分からない/無回答,mobile/android,2026-08-11 14:04:04,8月,JR芦原温泉駅 エリア,16.JR芦原温泉駅 エリア,あわら市,あわら市・坂井市,,日帰り,4泊以上,越前エリア（越前市・越前町・鯖江市・池田町・南越前町）,福井県外には宿泊しない,夫婦2人,"地元の美味しいものを食べる
",0,0,1,0,0,0,0,0,0,0,0,0,0,0,0,0,0,0,"県外から訪れていない（福井県在住）
",0,0,0,0,0,0,1,0,"自家用車
",1,0,0,0,0,0,0,0,0,とても満足,駐車場が立体で屋根がついている,"3,000円以上 5,000円未満","1,000円以上 3,000円未満","1,000円以上 3,000円未満",6～10回目,"Instagram
",0,0,0,0,0,0,0,1,0,0,0,0,0,0,0,ファーマーズマーケットきららの丘,,選択なし/該当施設なし,,"1,000円以上 3,000円未満",とても満足,,満足,,感じなかった,,9,,,福井県在住,
155656,JR美浜駅 エリア,女,1981,45,40代,大阪府,藤井寺市,100万円未満,mobile/iphone,2026-08-11 13:45:34,8月,福井駅前 エリア,01.福井駅前 エリア,福井市,福井市・永平寺町,,1泊,1泊,嶺南エリア（敦賀市・美浜町・若狭町・小浜市・おおい町・高浜町）,福井県外には宿泊しない,小学生以下連れの家族,"地元の美味しいものを食べる
アウトドア（海水浴、釣り、登山など）
",0,0,1,0,0,0,0,0,0,1,0,0,0,0,0,0,0,0,"自家用車
",1,0,0,0,0,0,0,0,"自家用車
",1,0,0,0,0,0,0,0,0,,,"10,000円以上 20,000円未満","1,000円以上 3,000円未満","5,000円以上 10,000円未満",2～5回目,"Instagram
",0,0,0,0,0,0,0,1,0,0,0,0,0,0,0,選択なし/該当施設なし,若狭神子,選択なし/該当施設なし,若狭神子,"1,000円以上 3,000円未満",とても満足,食事も美味しかったし、お土産も買えて満足です。,とても満足,お土産を買える場所が沢山できていて良かったです。,感じなかった,,10,海が綺麗で、海鮮も美味しくて、とても良かったです。,もう少しお土産の種類を増やして欲しいです。,また行きたい（1年以内）,1個ずつの個包装になったお土産の商品を増やして欲しいです。
206297,web,女,1972,54,50代,栃木県,佐野市,分からない/無回答,mobile/iphone,2026-08-11 13:43:36,8月,JR敦賀駅前 エリア,63.JR敦賀駅前 エリア,敦賀市,嶺南東部,,3泊,3泊,越前エリア（越前市・越前町・鯖江市・池田町・南越前町）,福井県外には宿泊しない,夫婦2人,"友人・親戚を尋ねる
",0,0,0,0,0,0,0,0,0,0,0,0,0,0,0,1,0,0,"自家用車
",1,0,0,0,0,0,0,0,"在来線
",0,0,0,1,0,0,0,0,0,とても満足,,使わない,"20,000円以上 30,000円未満","20,000円以上 30,000円未満",2～5回目,"観光パンフレット・ポスター
",0,0,0,1,0,0,0,0,0,0,0,0,0,0,0,敦賀駅,,選択なし/該当施設なし,,"5,000円以上 10,000円未満",とても満足,,とても満足,,感じなかった,,10,,,また行きたい（1年以内）,
206292,竹田エリア,男,1967,59,50代,栃木県,佐野市,分からない/無回答,mobile/iphone,2026-08-11 13:39:46,8月,JR敦賀駅前 エリア,63.JR敦賀駅前 エリア,敦賀市,嶺南東部,,2泊,2泊,越前エリア（越前市・越前町・鯖江市・池田町・南越前町）,福井県外には宿泊しない,夫婦2人,"まちあるき、都市散策
",0,0,0,0,0,0,0,0,0,0,1,0,0,0,0,0,0,0,"自家用車
",1,0,0,0,0,0,0,0,"自家用車
",1,0,0,0,0,0,0,0,0,満足,,使わない,"1,000円以上 3,000円未満","20,000円以上 30,000円未満",2～5回目,"その他
",0,0,0,0,0,0,0,0,0,0,0,0,0,0,前に来たことがあるから,福井駅,,選択なし/該当施設なし,,"3,000円以上 5,000円未満",満足,,満足,,感じた,バスの本数が少ない,8,,,また行きたい（1年以内）,
206386,かつやま恐竜の森 エリア,男,1961,65,60代,大阪府,大阪市福島区,400万円以上 500万円未満,mobile/android,2026-08-11 13:32:30,8月,かつやま恐竜の森 エリア,25.かつやま恐竜の森 エリア,勝山市,勝山市・大野市,勝山市観光まちづくり(株),1泊,1泊,福井エリア（福井市・永平寺町）,福井県外には宿泊しない,自分ひとり,"宿でのんびり過ごす
温泉や露天風呂
テーマパーク（遊園地、動物園、博物館など）
",1,1,0,0,0,1,0,0,0,0,0,0,0,0,0,0,0,0,"自家用車
",1,0,0,0,0,0,0,0,"自家用車
",1,0,0,0,0,0,0,0,0,とても満足,,"10,000円以上 20,000円未満","10,000円以上 20,000円未満","10,000円以上 20,000円未満",初めて,"観光展・物産展
インターネット・アプリ
観光協会等の案内所
",1,0,0,0,0,1,0,0,0,0,0,1,0,0,0,一乗谷朝倉氏遺跡,,選択なし/該当施設なし,,"5,000円以上 10,000円未満",とても満足,,とても満足,,感じなかった,,8,,,また行きたい（1年以内）,
173187,越前そばの里 エリア,男,1979,47,40代,東京都,八王子市,"1,500万円以上",mobile/iphone,2026-08-11 13:26:53,8月,道の駅みくに ふれあいパーク三里浜 エリア,15.道の駅みくに ふれあいパーク三里浜 エリア,坂井市,あわら市・坂井市,(一社)DMOさかい観光局,4泊以上,4泊以上,越前エリア（越前市・越前町・鯖江市・池田町・南越前町）,福井県外には宿泊しない,中学生以上連れの家族,"友人・親戚を尋ねる
",0,0,0,0,0,0,0,0,0,0,0,0,0,0,0,1,0,0,"自家用車
",1,0,0,0,0,0,0,0,"自家用車
",1,0,0,0,0,0,0,0,0,どちらでもない,,使わない,"3,000円以上 5,000円未満","10,000円以上 20,000円未満",初めて,"インターネット・アプリ
",0,0,0,0,0,1,0,0,0,0,0,0,0,0,0,東尋坊,,選択なし/該当施設なし,,"1,000円以上 3,000円未満",満足,"おみやげのお菓子の種類が少なく感じました。
梨がとても安くて多かったのでよかったです。",満足,,感じなかった,,8,,,また行きたい（1年以内）,
206379,道の駅「三方五湖」  エリア,女,1973,53,50代,福井県,小浜市,分からない/無回答,mobile/iphone,2026-08-11 13:17:59,8月,道の駅「三方五湖」  エリア,83.道の駅「三方五湖」 エリア,若狭町,嶺南東部,三方五湖DMO(株),日帰り,1泊,嶺南エリア（敦賀市・美浜町・若狭町・小浜市・おおい町・高浜町）,京都府,その他家族,"温泉や露天風呂
まちあるき、都市散策
",0,1,0,0,0,0,0,0,0,0,1,0,0,0,0,0,0,0,"自家用車
",1,0,0,0,0,0,0,0,"自家用車
",1,0,0,0,0,0,0,0,0,とても満足,,"10,000円以上 20,000円未満","1,000円以上 3,000円未満","1,000円以上 3,000円未満",2～5回目,"インターネット・アプリ
",0,0,0,0,0,1,0,0,0,0,0,0,0,0,0,選択なし/該当施設なし,,選択なし/該当施設なし,,"1,000円以上 3,000円未満",満足,,満足,,感じなかった,,8,,,機会があれば行きたい,
206383,web,男,1980,46,40代,福井県,福井市,"1,200万円以上 1,500万円未満",mobile/android,2026-08-11 13:06:03,8月,大本山 永平寺 エリア,34.大本山 永平寺 エリア,永平寺町,福井市・永平寺町,,日帰り,1泊,福井エリア（福井市・永平寺町）,福井県外には宿泊しない,自分ひとり,"名所、旧跡の観光
",0,0,0,0,1,0,0,0,0,0,0,0,0,0,0,0,0,0,"県外から訪れていない（福井県在住）
",0,0,0,0,0,0,1,0,"その他
",0,0,0,0,0,0,0,0,自家用自転車,どちらでもない,そもそも福井市在住て旅行に来たので、設問が合わない。,使わない,使わない,"1,000円以上 3,000円未満",2～5回目,"新聞・雑誌・ガイドブック
宿泊施設
",0,1,0,0,0,0,0,0,0,0,0,0,0,1,0,選択なし/該当施設なし,,選択なし/該当施設なし,,"1,000円以上 3,000円未満",どちらでもない,,満足,,感じなかった,,8,,,福井県在住,
206378,web,無回答,2011,15,10代,東京都,練馬区,分からない/無回答,mobile/iphone,2026-08-11 12:57:39,8月,かずら橋 エリア,48.かずら橋 エリア,池田町,丹南,（一財）いけだ農村観光公社,3泊,3泊,三国・あわらエリア（あわら市・坂井市）,福井県外には宿泊しない,親,"宿でのんびり過ごす
地元の美味しいものを食べる
テーマパーク（遊園地、動物園、博物館など）
各種体験（手作り、果物狩りなど）
",1,0,1,0,0,1,0,0,0,0,0,1,0,0,0,0,0,0,"自家用車
新幹線
",1,0,1,0,0,0,0,0,"自家用車
",1,0,0,0,0,0,0,0,0,,,使わない,"5,000円以上 10,000円未満","30,000円以上 40,000円未満",2～5回目,"友人・知人
タクシードライバーや地元の人
",0,0,0,0,0,0,0,0,0,0,1,0,1,0,0,丸岡城,,選択なし/該当施設なし,,"3,000円以上 5,000円未満",満足,"蕎麦屋のそばが美味しかった。また、池田のアスレチックも楽しかった。
",満足,それぞれがもう少し近いと良いなと思った。例えば、池田のアスレチックから蕎麦屋は微妙に遠く、駐車場の車を出すか出さないか迷う距離で、もし車を出しても、駐車場に対して今回駐車していた車の量が多かったため、駐車できるかわからなかったため、渋々歩いて行った。また、池田のアスレチックかは蕎麦屋までは意外に遠く、かずら橋を渡らなければ徒歩の移動距離にしては長いなと思った。それが、夏のことなのでキツいだろうとおもい、かずら橋を渡った。しかし、かずら橋は意外にスリルがあり、楽しかった。また、交通権が往復権なのも良心的だった。そこを改善してくれば、また、池田のアスレチックの近くに駐車場を作ってくれれば良いなと思った。,感じた,上記の通り,8,かずら橋とその周辺のもの。アスレチックや蕎麦屋。,昼食を取る場所、昼食の種類がもう少し多かったら良いと思う。,また行きたい（1年以内）,特になし。満足
145728,道の駅「越前」 エリア,男,1952,74,70代,福井県,越前市,100万円未満,mobile/android,2026-08-11 12:54:35,8月,JR九頭竜湖駅 エリア,23.JR九頭竜湖駅 エリア,大野市,勝山市・大野市,,日帰り,福井県内には宿泊しない,福井県内には宿泊しない,福井県外には宿泊しない,夫婦2人,"買い物、アウトレット
",0,0,0,0,0,0,1,0,0,0,0,0,0,0,0,0,0,0,"自家用車
",1,0,0,0,0,0,0,0,"自家用車
徒歩
",1,0,0,0,0,0,1,0,0,とても満足,,"10,000円以上 20,000円未満","10,000円以上 20,000円未満","10,000円以上 20,000円未満",6～10回目,"観光展・物産展
",1,0,0,0,0,0,0,0,0,0,0,0,0,0,0,選択なし/該当施設なし,,選択なし/該当施設なし,,"10,000円以上 20,000円未満",とても満足,,とても満足,,感じなかった,,10,,,,
206358,かつやま恐竜の森 エリア,男,1979,47,40代,富山県,富山市,"900万円以上 1,000万円未満",mobile/android,2026-08-11 12:50:16,8月,大本山 永平寺 エリア,34.大本山 永平寺 エリア,永平寺町,福井市・永平寺町,,2泊,福井県内には宿泊しない,福井県内には宿泊しない,福井県外には宿泊しない,夫婦2人,"テーマパーク（遊園地、動物園、博物館など）
",0,0,0,0,0,1,0,0,0,0,0,0,0,0,0,0,0,0,"自家用車
",1,0,0,0,0,0,0,0,"自家用車
",1,0,0,0,0,0,0,0,0,満足,,使わない,"5,000円以上 10,000円未満","1,000円以上 3,000円未満",2～5回目,"インターネット・アプリ
",0,0,0,0,0,1,0,0,0,0,0,0,0,0,0,選択なし/該当施設なし,,選択なし/該当施設なし,,"1,000円以上 3,000円未満",とても満足,,とても満足,,感じなかった,,10,,,また行きたい（1年以内）,
206373,越前松島水族館 エリア,男,1979,47,40代,埼玉県,北本市,600万円以上 700万円未満,mobile/android,2026-08-11 12:40:46,8月,越前松島水族館 エリア,11.越前松島水族館 エリア,坂井市,あわら市・坂井市,(一社)DMOさかい観光局,1泊,1泊,三国・あわらエリア（あわら市・坂井市）,福井県外には宿泊しない,小学生以下連れの家族,"テーマパーク（遊園地、動物園、博物館など）
アウトドア（海水浴、釣り、登山など）
",0,0,0,0,0,1,0,0,0,1,0,0,0,0,0,0,0,0,"自家用車
",1,0,0,0,0,0,0,0,"自家用車
",1,0,0,0,0,0,0,0,0,どちらでもない,,"10,000円以上 20,000円未満","10,000円以上 20,000円未満","20,000円以上 30,000円未満",初めて,"新聞・雑誌・ガイドブック
インターネット・アプリ
",0,1,0,0,0,1,0,0,0,0,0,0,0,0,0,選択なし/該当施設なし,,選択なし/該当施設なし,,"5,000円以上 10,000円未満",満足,,満足,,感じた,水族館の駐車場が狭すぎて、若干不便です。,8,,,また行きたい（1年以内）,子供が恐竜好きなので、今度は恐竜王国福井を楽しみにきたいと思います。
206375,かずら橋 エリア,女,1983,43,40代,東京都,練馬区,分からない/無回答,mobile/iphone,2026-08-11 12:33:10,8月,かずら橋 エリア,48.かずら橋 エリア,池田町,丹南,（一財）いけだ農村観光公社,3泊,3泊,三国・あわらエリア（あわら市・坂井市）,福井県外には宿泊しない,中学生以上連れの家族,"地元の美味しいものを食べる
アウトドア（海水浴、釣り、登山など）
友人・親戚を尋ねる
",0,0,1,0,0,0,0,0,0,1,0,0,0,0,0,1,0,0,"自家用車
",1,0,0,0,0,0,0,0,"自家用車
",1,0,0,0,0,0,0,0,0,,,使わない,"50,000円以上 100,000円未満","20,000円以上 30,000円未満",2～5回目,"友人・知人
",0,0,0,0,0,0,0,0,0,0,1,0,0,0,0,ツリーピクニックアドベンチャーいけだ,,平泉寺白山神社,,"5,000円以上 10,000円未満",満足,割と狭いエリアの中で遊ぶ、食べる、自然を見て回れることができたから。,とても満足,上記の通り。また、ごはんで食べたお蕎麦も安くて美味しく、近くで蕎麦を打っている姿も見れたから,感じなかった,上記の通り。狭いエリアの中に食べる、遊ぶが固まっているのがいいと思う。,8,自然がたくさんでいいと思う。のんびりしているし、そういう時間を過ごしたい人には勧めたいけれど、車は必須というのが都会の人にはネックかなと思う。,,また行きたい（1年以内）,"五月ヶ瀬と羽二重以外にも会社で配れる小分けになった名産のお土産ができるといい。
海鮮を使ったふりかけやお茶漬けのもととかがあると絶対に買ってしまう。"
145728,道の駅「越前」 エリア,男,1952,74,70代,福井県,越前市,100万円未満,mobile/android,2026-08-11 12:19:38,8月,道の駅「越前おおの荒島の郷」 エリア,22.道の駅「越前おおの荒島の郷」 エリア,大野市,勝山市・大野市,,日帰り,福井県内には宿泊しない,福井県内には宿泊しない,福井県外には宿泊しない,夫婦2人,"買い物、アウトレット
",0,0,0,0,0,0,1,0,0,0,0,0,0,0,0,0,0,0,"自家用車
",1,0,0,0,0,0,0,0,"自家用車
徒歩
",1,0,0,0,0,0,1,0,0,とても満足,,"10,000円以上 20,000円未満","10,000円以上 20,000円未満","10,000円以上 20,000円未満",6～10回目,"観光展・物産展
",1,0,0,0,0,0,0,0,0,0,0,0,0,0,0,選択なし/該当施設なし,,選択なし/該当施設なし,,"10,000円以上 20,000円未満",とても満足,,とても満足,,感じなかった,,10,,,,
206372,道の駅みくに ふれあいパーク三里浜 エリア,女,1987,39,30代,大阪府,岸和田市,800万円以上 900万円未満,mobile/iphone,2026-08-11 12:10:42,8月,道の駅みくに ふれあいパーク三里浜 エリア,15.道の駅みくに ふれあいパーク三里浜 エリア,坂井市,あわら市・坂井市,(一社)DMOさかい観光局,1泊,1泊,三国・あわらエリア（あわら市・坂井市）,福井県外には宿泊しない,小学生以下連れの家族,"テーマパーク（遊園地、動物園、博物館など）
",0,0,0,0,0,1,0,0,0,0,0,0,0,0,0,0,0,0,"レンタカー
",0,1,0,0,0,0,0,0,"レンタカー
",0,1,0,0,0,0,0,0,0,,,"20,000円以上 30,000円未満","20,000円以上 30,000円未満","50,000円以上 100,000円未満",初めて,"インターネット・アプリ
Instagram
",0,0,0,0,0,1,0,1,0,0,0,0,0,0,0,選択なし/該当施設なし,,選択なし/該当施設なし,,"1,000円以上 3,000円未満",満足,,満足,,感じなかった,,9,,,機会があれば行きたい,
206371,若狭高浜 エリア,女,1979,47,40代,愛知県,名古屋市千種区,"1,200万円以上 1,500万円未満",mobile/iphone,2026-08-11 11:58:04,8月,若狭高浜 エリア,90.若狭高浜 エリア,高浜町,嶺南西部,,4泊以上,1泊,嶺南エリア（敦賀市・美浜町・若狭町・小浜市・おおい町・高浜町）,鳥取県,小学生以下連れの家族,"地元の美味しいものを食べる
アウトドア（海水浴、釣り、登山など）
",0,0,1,0,0,0,0,0,0,1,0,0,0,0,0,0,0,0,"自家用車
",1,0,0,0,0,0,0,0,"自家用車
",1,0,0,0,0,0,0,0,0,,,"20,000円以上 30,000円未満","5,000円以上 10,000円未満","10,000円以上 20,000円未満",初めて,"Instagram
その他
",0,0,0,0,0,0,0,1,0,0,0,0,0,0,じゃらん,選択なし/該当施設なし,,選択なし/該当施設なし,,"5,000円以上 10,000円未満",とても満足,,とても満足,,感じた,海水浴場に海の家があるかないかの事前情報が得られなかった,10,,,,
145728,道の駅「越前」 エリア,男,1952,74,70代,福井県,越前市,100万円未満,mobile/android,2026-08-11 11:42:51,8月,越前大野城・城下町 エリア,21.越前大野城・城下町 エリア,大野市,勝山市・大野市,,日帰り,福井県内には宿泊しない,福井県内には宿泊しない,福井県外には宿泊しない,夫婦2人,"買い物、アウトレット
",0,0,0,0,0,0,1,0,0,0,0,0,0,0,0,0,0,0,"自家用車
",1,0,0,0,0,0,0,0,"自家用車
徒歩
",1,0,0,0,0,0,1,0,0,とても満足,,"10,000円以上 20,000円未満","10,000円以上 20,000円未満","10,000円以上 20,000円未満",2～5回目,"観光展・物産展
",1,0,0,0,0,0,0,0,0,0,0,0,0,0,0,選択なし/該当施設なし,,選択なし/該当施設なし,,"10,000円以上 20,000円未満",とても満足,,とても満足,,感じなかった,,10,,,,
206368,丸岡城 エリア,女,1969,57,50代,長崎県,佐世保市,500万円以上 600万円未満,mobile/iphone,2026-08-11 11:33:22,8月,丸岡城 エリア,13.丸岡城 エリア,坂井市,あわら市・坂井市,(一社)DMOさかい観光局,3泊,3泊,福井エリア（福井市・永平寺町）,福井県外には宿泊しない,中学生以上連れの家族,"名所、旧跡の観光
テーマパーク（遊園地、動物園、博物館など）
まちあるき、都市散策
",0,0,0,0,1,1,0,0,0,0,1,0,0,0,0,0,0,0,"レンタカー
飛行機
",0,1,0,0,1,0,0,0,"レンタカー
",0,1,0,0,0,0,0,0,0,満足,,"5,000円以上 10,000円未満","3,000円以上 5,000円未満","10,000円以上 20,000円未満",初めて,"観光展・物産展
TV・ラジオ番組やCM
",1,0,1,0,0,0,0,0,0,0,0,0,0,0,0,選択なし/該当施設なし,,選択なし/該当施設なし,,"1,000円未満",満足,,満足,,感じなかった,,10,,,また行きたい（1年以内）,
139296,web,無回答,1967,59,50代,石川県,白山市,分からない/無回答,mobile/iphone,2026-08-11 11:32:22,8月,道の駅みくに ふれあいパーク三里浜 エリア,15.道の駅みくに ふれあいパーク三里浜 エリア,坂井市,あわら市・坂井市,(一社)DMOさかい観光局,日帰り,福井県内には宿泊しない,福井県内には宿泊しない,日帰り,夫婦2人,"ドライブ・ツーリング
",0,0,0,0,0,0,0,0,0,0,0,0,0,0,1,0,0,0,"自家用車
",1,0,0,0,0,0,0,0,"自家用車
",1,0,0,0,0,0,0,0,0,どちらでもない,,"3,000円以上 5,000円未満","3,000円以上 5,000円未満","3,000円以上 5,000円未満",2～5回目,"その他
",0,0,0,0,0,0,0,0,0,0,0,0,0,0,通りがかり,選択なし/該当施設なし,,選択なし/該当施設なし,,"1,000円未満",どちらでもない,,どちらでもない,,感じなかった,,6,,,どちらともいえない,
206365,かつやま恐竜の森 エリア,女,1987,39,30代,東京都,調布市,"1,000万円以上 1,200万円未満",mobile/iphone,2026-08-11 11:28:58,8月,かつやま恐竜の森 エリア,25.かつやま恐竜の森 エリア,勝山市,勝山市・大野市,勝山市観光まちづくり(株),4泊以上,福井県内には宿泊しない,福井県内には宿泊しない,富山県,小学生以下連れの家族,"テーマパーク（遊園地、動物園、博物館など）
",0,0,0,0,0,1,0,0,0,0,0,0,0,0,0,0,0,0,"新幹線
在来線
",0,0,1,1,0,0,0,0,"自家用車
",1,0,0,0,0,0,0,0,0,,,使わない,"20,000円以上 30,000円未満","5,000円以上 10,000円未満",初めて,"インターネット・アプリ
",0,0,0,0,0,1,0,0,0,0,0,0,0,0,0,選択なし/該当施設なし,,選択なし/該当施設なし,,"5,000円以上 10,000円未満",とても満足,,とても満足,展示の充実度と比較して、入場料が安くて驚いた,感じた,レストラン、売店が混雑していた,9,恐竜博物館内だけでなく、まわりにも恐竜の展示が多く、恐竜好きのこどもにはたまらない,メガネ素材を使用した、恐竜のイアリングのお土産がよかった,機会があれば行きたい,
206364,道の駅「越前」 エリア,女,2004,22,20代,愛知県,日進市,400万円以上 500万円未満,mobile/iphone,2026-08-11 11:12:19,8月,道の駅「越前」 エリア,49.道の駅「越前」 エリア,越前町,丹南,一般社団法人 越前町観光連盟（DMO ECHIZEN）,日帰り,福井県内には宿泊しない,福井県内には宿泊しない,福井県外には宿泊しない,その他家族,"温泉や露天風呂
地元の美味しいものを食べる
",0,1,1,0,0,0,0,0,0,0,0,0,0,0,0,0,0,0,"自家用車
",1,0,0,0,0,0,0,0,"自家用車
",1,0,0,0,0,0,0,0,0,,,使わない,"10,000円以上 20,000円未満","10,000円以上 20,000円未満",初めて,"Instagram
",0,0,0,0,0,0,0,1,0,0,0,0,0,0,0,選択なし/該当施設なし,,選択なし/該当施設なし,,"1,000円以上 3,000円未満",とても満足,,満足,,感じた,といれきれいになってほしい！！,8,特産品食べられる！,,また行きたい（1年以内）,
206362,web,女,1994,32,30代,滋賀県,東近江市,800万円以上 900万円未満,mobile/iphone,2026-08-11 11:06:11,8月,若狭フィッシャーマンズワーフ エリア,70.若狭フィッシャーマンズワーフ エリア,小浜市,嶺南西部,(株)まちづくり小浜,日帰り,福井県内には宿泊しない,福井県内には宿泊しない,兵庫県,小学生以下連れの家族,"買い物、アウトレット
",0,0,0,0,0,0,1,0,0,0,0,0,0,0,0,0,0,0,"自家用車
",1,0,0,0,0,0,0,0,"自家用車
",1,0,0,0,0,0,0,0,0,とても満足,,使わない,"1,000円以上 3,000円未満","5,000円以上 10,000円未満",2～5回目,"友人・知人
観光協会等の案内所
",0,0,0,0,0,0,0,0,0,0,1,1,0,0,0,選択なし/該当施設なし,,道の駅「若狭おばま」,,"5,000円以上 10,000円未満",とても満足,,とても満足,,感じなかった,,10,,,また行きたい（1年以内）,
206360,web,無回答,1977,49,40代,愛知県,瀬戸市,分からない/無回答,mobile/android,2026-08-11 10:54:00,8月,若狭和田 エリア,89.若狭和田 エリア,高浜町,嶺南西部,,2泊,2泊,嶺南エリア（敦賀市・美浜町・若狭町・小浜市・おおい町・高浜町）,福井県外には宿泊しない,小学生以下連れの家族,"スキー・スノボ、マリンスポーツ
",0,0,0,0,0,0,0,0,0,0,0,0,1,0,0,0,0,0,"自家用車
",1,0,0,0,0,0,0,0,"自家用車
",1,0,0,0,0,0,0,0,0,,,"20,000円以上 30,000円未満","10,000円以上 20,000円未満","5,000円以上 10,000円未満",初めて,"Instagram
",0,0,0,0,0,0,0,1,0,0,0,0,0,0,0,選択なし/該当施設なし,,選択なし/該当施設なし,,"3,000円以上 5,000円未満",満足,,満足,,感じた,橋が渡れなかった,8,,,,
206358,かつやま恐竜の森 エリア,男,1979,47,40代,富山県,富山市,"900万円以上 1,000万円未満",mobile/android,2026-08-11 10:29:40,8月,かつやま恐竜の森 エリア,25.かつやま恐竜の森 エリア,勝山市,勝山市・大野市,勝山市観光まちづくり(株),2泊,福井県内には宿泊しない,福井県内には宿泊しない,福井県外には宿泊しない,夫婦2人,"テーマパーク（遊園地、動物園、博物館など）
",0,0,0,0,0,1,0,0,0,0,0,0,0,0,0,0,0,0,"自家用車
",1,0,0,0,0,0,0,0,"自家用車
",1,0,0,0,0,0,0,0,0,満足,,使わない,"5,000円以上 10,000円未満","1,000円以上 3,000円未満",初めて,"観光パンフレット・ポスター
インターネット・アプリ
",0,0,0,1,0,1,0,0,0,0,0,0,0,0,0,選択なし/該当施設なし,,選択なし/該当施設なし,,"3,000円以上 5,000円未満",満足,,満足,,感じなかった,,9,,,また行きたい（1年以内）,
188882,道の駅「若狭おばま」 エリア,女,1983,43,40代,滋賀県,大津市,200万円以上 300万円未満,mobile/iphone,2026-08-11 10:27:50,8月,道の駅「恐竜渓谷かつやま」 エリア,26.道の駅「恐竜渓谷かつやま」 エリア,勝山市,勝山市・大野市,勝山市観光まちづくり(株),日帰り,福井県内には宿泊しない,福井県内には宿泊しない,福井県外には宿泊しない,職場の同僚,"出張など仕事関係
",0,0,0,0,0,0,0,0,0,0,0,0,0,0,0,0,1,0,"在来線
",0,0,0,1,0,0,0,0,"自家用車
",1,0,0,0,0,0,0,0,0,,,使わない,"3,000円以上 5,000円未満","3,000円以上 5,000円未満",2～5回目,"インターネット・アプリ
",0,0,0,0,0,1,0,0,0,0,0,0,0,0,0,選択なし/該当施設なし,,選択なし/該当施設なし,,"3,000円以上 5,000円未満",満足,,満足,,感じなかった,,6,,,,
188882,道の駅「若狭おばま」 エリア,女,1983,43,40代,滋賀県,大津市,200万円以上 300万円未満,mobile/iphone,2026-08-11 10:26:24,8月,越前大仏 エリア,28.越前大仏 エリア,勝山市,勝山市・大野市,勝山市観光まちづくり(株),日帰り,福井県内には宿泊しない,福井県内には宿泊しない,福井県外には宿泊しない,職場の同僚,"出張など仕事関係
",0,0,0,0,0,0,0,0,0,0,0,0,0,0,0,0,1,0,"在来線
",0,0,0,1,0,0,0,0,"自家用車
",1,0,0,0,0,0,0,0,0,,,使わない,"3,000円以上 5,000円未満","3,000円以上 5,000円未満",2～5回目,"インターネット・アプリ
",0,0,0,0,0,1,0,0,0,0,0,0,0,0,0,選択なし/該当施設なし,,選択なし/該当施設なし,,"3,000円以上 5,000円未満",満足,,満足,,感じなかった,,6,,,,
145728,道の駅「越前」 エリア,男,1952,74,70代,福井県,越前市,100万円未満,mobile/android,2026-08-11 10:24:21,8月,道の駅「恐竜渓谷かつやま」 エリア,26.道の駅「恐竜渓谷かつやま」 エリア,勝山市,勝山市・大野市,勝山市観光まちづくり(株),日帰り,福井県内には宿泊しない,福井県内には宿泊しない,福井県外には宿泊しない,夫婦2人,"買い物、アウトレット
",0,0,0,0,0,0,1,0,0,0,0,0,0,0,0,0,0,0,"自家用車
",1,0,0,0,0,0,0,0,"自家用車
徒歩
",1,0,0,0,0,0,1,0,0,とても満足,,"10,000円以上 20,000円未満","10,000円以上 20,000円未満","10,000円以上 20,000円未満",6～10回目,"観光展・物産展
",1,0,0,0,0,0,0,0,0,0,0,0,0,0,0,選択なし/該当施設なし,,選択なし/該当施設なし,,"10,000円以上 20,000円未満",とても満足,,とても満足,,感じなかった,,10,,,,
173187,越前そばの里 エリア,男,1979,47,40代,東京都,八王子市,"1,500万円以上",mobile/iphone,2026-08-11 10:10:16,8月,東尋坊 エリア,10.東尋坊 エリア,坂井市,あわら市・坂井市,(一社)DMOさかい観光局,4泊以上,4泊以上,越前エリア（越前市・越前町・鯖江市・池田町・南越前町）,福井県外には宿泊しない,中学生以上連れの家族,"地元の美味しいものを食べる
友人・親戚を尋ねる
",0,0,1,0,0,0,0,0,0,0,0,0,0,0,0,1,0,0,"自家用車
",1,0,0,0,0,0,0,0,"自家用車
",1,0,0,0,0,0,0,0,0,どちらでもない,,使わない,"3,000円以上 5,000円未満","10,000円以上 20,000円未満",初めて,"新聞・雑誌・ガイドブック
インターネット・アプリ
",0,1,0,0,0,1,0,0,0,0,0,0,0,0,0,選択なし/該当施設なし,,選択なし/該当施設なし,,"1,000円以上 3,000円未満",満足,,満足,,感じなかった,,7,,,また行きたい（1年以内）,
162586,越前大野城・城下町 エリア,男,1982,44,40代,静岡県,静岡市清水区,分からない/無回答,mobile/android,2026-08-11 10:04:33,8月,熊川宿 エリア,81.熊川宿 エリア,若狭町,嶺南東部,三方五湖DMO(株),4泊以上,福井県内には宿泊しない,福井県内には宿泊しない,京都府,自分ひとり,"地元の美味しいものを食べる
名所、旧跡の観光
買い物、アウトレット
まちあるき、都市散策
",0,0,1,0,1,0,1,0,0,0,1,0,0,0,0,0,0,0,"在来線
",0,0,0,1,0,0,0,0,"在来線
路線バス
",0,0,0,1,0,1,0,0,0,満足,近江今津駅からバスが出でいて便利だった。ただ本数が少ないのが難点だった,使わない,"1,000円以上 3,000円未満","5,000円以上 10,000円未満",初めて,"TV・ラジオ番組やCM
",0,0,1,0,0,0,0,0,0,0,0,0,0,0,0,丸岡城,,気比の松原,,"1,000円以上 3,000円未満",満足,道の駅で現地の野菜が売っていてよかった,満足,建築物はとても良くてタイムスリップした気分になった,感じた,散策場所の道路がコンクリートで舗装されている点だけ残念だった。,7,葛や鯖が美味しいので勧めたいです,,また行きたい（1年以内）,
188882,道の駅「若狭おばま」 エリア,女,1983,43,40代,滋賀県,大津市,200万円以上 300万円未満,mobile/iphone,2026-08-11 09:57:32,8月,道の駅「若狭おばま」 エリア,68.道の駅「若狭おばま」 エリア,小浜市,嶺南西部,(株)まちづくり小浜,日帰り,福井県内には宿泊しない,福井県内には宿泊しない,福井県外には宿泊しない,職場の同僚,"出張など仕事関係
",0,0,0,0,0,0,0,0,0,0,0,0,0,0,0,0,1,0,"在来線
",0,0,0,1,0,0,0,0,"自家用車
",1,0,0,0,0,0,0,0,0,,,使わない,"3,000円以上 5,000円未満","3,000円以上 5,000円未満",2～5回目,"インターネット・アプリ
",0,0,0,0,0,1,0,0,0,0,0,0,0,0,0,選択なし/該当施設なし,,選択なし/該当施設なし,,"5,000円以上 10,000円未満",満足,,満足,,感じなかった,,6,,,,
188882,道の駅「若狭おばま」 エリア,女,1983,43,40代,滋賀県,大津市,200万円以上 300万円未満,mobile/iphone,2026-08-11 09:55:22,8月,福井駅前 エリア,01.福井駅前 エリア,福井市,福井市・永平寺町,,日帰り,福井県内には宿泊しない,福井県内には宿泊しない,福井県外には宿泊しない,職場の同僚,"出張など仕事関係
",0,0,0,0,0,0,0,0,0,0,0,0,0,0,0,0,1,0,"在来線
",0,0,0,1,0,0,0,0,"在来線
",0,0,0,1,0,0,0,0,0,,,使わない,"3,000円以上 5,000円未満","3,000円以上 5,000円未満",2～5回目,"インターネット・アプリ
",0,0,0,0,0,1,0,0,0,0,0,0,0,0,0,選択なし/該当施設なし,,選択なし/該当施設なし,,"3,000円以上 5,000円未満",満足,,満足,,感じなかった,,6,,,,
206355,かつやま恐竜の森 エリア,女,1993,33,30代,石川県,加賀市,100万円未満,mobile/iphone,2026-08-11 09:33:32,8月,かつやま恐竜の森 エリア,25.かつやま恐竜の森 エリア,勝山市,勝山市・大野市,勝山市観光まちづくり(株),日帰り,福井県内には宿泊しない,福井県内には宿泊しない,福井県外には宿泊しない,小学生以下連れの家族,"テーマパーク（遊園地、動物園、博物館など）
",0,0,0,0,0,1,0,0,0,0,0,0,0,0,0,0,0,0,"自家用車
",1,0,0,0,0,0,0,0,"自家用車
",1,0,0,0,0,0,0,0,0,満足,,使わない,"1,000円未満","5,000円以上 10,000円未満",2～5回目,"Instagram
",0,0,0,0,0,0,0,1,0,0,0,0,0,0,0,選択なし/該当施設なし,,選択なし/該当施設なし,,"10,000円以上 20,000円未満",満足,,満足,,感じなかった,トイレに石鹸がないとこがある,8,,,また行きたい（1年以内）,
206354,小浜市 阿納 エリア,女,1967,59,50代,福井県,福井市,600万円以上 700万円未満,mobile/android,2026-08-11 07:13:21,8月,小浜市 阿納 エリア,67.小浜市 阿納 エリア,小浜市,嶺南西部,(株)まちづくり小浜,2泊,1泊,嶺南エリア（敦賀市・美浜町・若狭町・小浜市・おおい町・高浜町）,兵庫県,夫婦2人,"温泉や露天風呂
地元の美味しいものを食べる
",0,1,1,0,0,0,0,0,0,0,0,0,0,0,0,0,0,0,"県外から訪れていない（福井県在住）
",0,0,0,0,0,0,1,0,"自家用車
",1,0,0,0,0,0,0,0,0,,,"30,000円以上 40,000円未満","10,000円以上 20,000円未満","5,000円以上 10,000円未満",2～5回目,"インターネット・アプリ
",0,0,0,0,0,1,0,0,0,0,0,0,0,0,0,選択なし/該当施設なし,,越前がにミュージアム,,"20,000円以上 30,000円未満",満足,民宿の食事がとても美味しかった,満足,食べ物が美味しい,感じなかった,,7,ふぐの季節におすすめしたい,道の駅などのお土産ショップがあるといい,福井県在住,交通手段がもっと便利だといい
