会員ID,登録エリア,性別,生まれ年,回答時の年齢,年代,都道府県,会員市町村,世帯年収,UA,回答日時,回答月,回答エリア,回答エリア2,市町村,6分類,DMO,宿泊数（全体）,宿泊数（県内）,宿泊エリア（県内）,宿泊エリア（県外）,同行者,訪問目的ALL,宿でのんびり過ごす,温泉や露天風呂,地元の美味しいものを食べる,花見や紅葉などの自然鑑賞,名所、旧跡の観光,テーマパーク（遊園地、動物園、博物館など）,買い物、アウトレット,お祭りやイベントへの参加・見物,スポーツ観戦や芸能鑑賞（コンサート等）,アウトドア（海水浴、釣り、登山など）,まちあるき、都市散策,各種体験（手作り、果物狩りなど）,スキー・スノボ、マリンスポーツ,その他スポーツ（ゴルフ、テニスなど）,ドライブ・ツーリング,友人・親戚を尋ねる,出張など仕事関係,その他,福井県までの交通手段ALL,自家用車,レンタカー,新幹線,在来線,飛行機,旅行会社ツアーバス,県外から訪れていない（福井県在住）,福井県内での交通手段ALL,タクシー,路線バス,徒歩,レンタサイクル,福井県内での交通手段の満足度,福井県内での交通手段の満足度の理由,宿泊費,交通費,県内消費額,エリア訪問回数,情報収集ALL,観光展・物産展,新聞・雑誌・ガイドブック,TV・ラジオ番組やCM,観光パンフレット・ポスター,観光連盟やDMOのHP,インターネット・アプリ,Twitter,Instagram,Facebook,ブログ,友人・知人,観光協会等の案内所,タクシードライバーや地元の人,宿泊施設,アンケート回答前に訪問した主な場所,アンケート回答前に訪問した主な場所FA,アンケート回答後に訪問する予定の主な場所,エリア総消費額,満足度(商品・サービス),満足度(商品・サービス)の理由,満足度,満足度の理由,不便さ,不便さの内容,NPS,推奨項目,施設に求めるもの,今後の来訪意向,福井県に求めるもの
205508,福井駅前 エリア（宿泊施設）,女,1968,58,50代,埼玉県,川口市,100万円以上 200万円未満,mobile/android,2026-07-25 22:10:40,7月,福井駅前 エリア（宿泊施設）,02.福井駅前 エリア（宿泊施設）,福井市,福井市・永平寺町,,3泊,3泊,福井エリア（福井市・永平寺町）,福井県外には宿泊しない,夫婦2人,"地元の美味しいものを食べる
名所、旧跡の観光
",0,0,1,0,1,0,0,0,0,0,0,0,0,0,0,0,0,0,"レンタカー
",0,0,0,0,0,0,0,"徒歩
",0,0,1,0,,,"10,000円以上 20,000円未満","30,000円以上 40,000円未満","20,000円以上 30,000円未満",2～5回目,"新聞・雑誌・ガイドブック
観光パンフレット・ポスター
インターネット・アプリ
",0,1,0,1,0,1,0,0,0,0,0,0,0,0,選択なし/該当施設なし,,明通寺,"10,000円以上 20,000円未満",満足,,満足,,感じなかった,,8,,,機会があれば行きたい,"新幹線が開通する前に福井に観光に来てとても気にいり、今回は新幹線で福井まで！
夏の海と恐竜博物館を楽しみます。
チケットがネット予約でなくても買えるといいなと思いました"
205506,かつやま恐竜の森 エリア,無回答,1985,41,40代,千葉県,流山市,分からない/無回答,mobile/android,2026-07-25 20:00:17,7月,かつやま恐竜の森 エリア,25.かつやま恐竜の森 エリア,勝山市,勝山市・大野市,勝山市観光まちづくり(株),4泊以上,1泊,三国・あわらエリア（あわら市・坂井市）,飛騨高山,両親と子供,"温泉や露天風呂
地元の美味しいものを食べる
名所、旧跡の観光
",0,1,1,0,1,0,0,0,0,0,0,0,0,0,0,0,0,0,"自家用車
",1,0,0,0,0,0,0,"自家用車
",0,0,0,0,とても満足,,"100,000円以上","20,000円以上 30,000円未満","30,000円以上 40,000円未満",初めて,"観光展・物産展
新聞・雑誌・ガイドブック
",1,1,0,0,0,0,0,0,0,0,0,0,0,0,選択なし/該当施設なし,,選択なし/該当施設なし,"10,000円以上 20,000円未満",とても満足,,とても満足,,感じた,,4,,,,
205501,道の駅「三方五湖」  エリア,男,1969,57,50代,兵庫県,伊丹市,700万円以上 800万円未満,mobile/android,2026-07-25 17:35:25,7月,道の駅「三方五湖」  エリア,83.道の駅「三方五湖」 エリア,若狭町,嶺南東部,三方五湖DMO(株),1泊,1泊,嶺南エリア（敦賀市・美浜町・若狭町・小浜市・おおい町・高浜町）,福井県外には宿泊しない,夫婦2人,"宿でのんびり過ごす
地元の美味しいものを食べる
",1,0,1,0,0,0,0,0,0,0,0,0,0,0,0,0,0,0,"自家用車
",1,0,0,0,0,0,0,"自家用車
",0,0,0,0,,,"20,000円以上 30,000円未満","10,000円以上 20,000円未満","10,000円以上 20,000円未満",初めて,"新聞・雑誌・ガイドブック
インターネット・アプリ
",0,1,0,0,0,1,0,0,0,0,0,0,0,0,レインボーライン,,福井県立恐竜博物館,"3,000円以上 5,000円未満",満足,,満足,,感じなかった,,8,,,機会があれば行きたい,
205500,九頭竜川 エリア（鮎・釣り）,男,1985,41,40代,静岡県,磐田市,"1,500万円以上",mobile/iphone,2026-07-25 17:12:04,7月,九頭竜川 エリア（鮎・釣り）,32.九頭竜川 エリア（鮎・釣り）,永平寺町,福井市・永平寺町,,1泊,1泊,福井エリア（福井市・永平寺町）,福井県外には宿泊しない,小学生以下連れの家族,"その他
",0,0,0,0,0,0,0,0,0,0,0,0,0,0,0,0,0,0,"自家用車
",1,0,0,0,0,0,0,"自家用車
",0,0,0,0,,,"3,000円以上 5,000円未満","3,000円以上 5,000円未満","5,000円以上 10,000円未満",初めて,"観光展・物産展
観光パンフレット・ポスター
インターネット・アプリ
観光協会等の案内所
",1,0,0,1,0,1,0,0,0,0,0,1,0,0,選択なし/該当施設なし,わくわくリバー館,選択なし/該当施設なし,"5,000円以上 10,000円未満",とても満足,ワクワクリバー館でアユカケを見て、餌やり体験ができた。,とても満足,ワクワクリバー館でアユカケを見て、餌やり体験ができた。,感じなかった,,8,アラレガコについてきょうゆうしたい,,また行きたい（1年以内）,海鮮は美味しのは周知だが、川の美味もあること
205572,丸岡城 エリア,男,1976,50,50代,東京都,武蔵野市,600万円以上 700万円未満,mobile/android,2026-07-26 21:55:32,7月,丸岡城 エリア,13.丸岡城 エリア,坂井市,あわら市・坂井市,(一社)DMOさかい観光局,4泊以上,2泊,福井エリア（福井市・永平寺町）,石川県金沢市,中学生以上連れの家族,"地元の美味しいものを食べる
名所、旧跡の観光
アウトドア（海水浴、釣り、登山など）
",0,0,1,0,1,0,0,0,0,1,0,0,0,0,0,0,0,0,"レンタカー
新幹線
",0,1,1,0,0,0,0,"レンタカー
",0,0,0,0,とても満足,大変スムーズにレンタカーを借りて現地に辿り付いた,"10,000円以上 20,000円未満","50,000円以上 100,000円未満","50,000円以上 100,000円未満",初めて,"新聞・雑誌・ガイドブック
",0,1,0,0,0,0,0,0,0,0,0,0,0,0,金沢駅周辺（石川県）,,一乗谷朝倉氏遺跡,"5,000円以上 10,000円未満",満足,修理中であることを知らなかった事は残念,満足,,感じた,修理中であることを知らなかった,9,食事が美味しい、一乗谷朝倉氏遺跡など良い遺跡がある,手頃な価格での現地での食事、散策等が出来る道整備など,機会があれば行きたい,美味しい食事、川遊び、釣り、城などの散策
205568,道の駅「越前」 エリア,男,1954,72,70代,福井県,福井市,400万円以上 500万円未満,mobile/android,2026-07-26 20:22:28,7月,道の駅「越前」 エリア,49.道の駅「越前」 エリア,越前町,丹南,一般社団法人 越前町観光連盟（DMO ECHIZEN）,日帰り,福井県内には宿泊しない,福井県内には宿泊しない,福井県外には宿泊しない,夫婦2人,"温泉や露天風呂
",0,1,0,0,0,0,0,0,0,0,0,0,0,0,0,0,0,0,"県外から訪れていない（福井県在住）
",1,0,0,0,0,0,1,"自家用車
",0,0,0,0,,,使わない,使わない,"1,000円以上 3,000円未満",2～5回目,"新聞・雑誌・ガイドブック
",0,1,0,0,0,0,0,0,0,0,0,0,0,0,選択なし/該当施設なし,,選択なし/該当施設なし,"1,000円未満",どちらでもない,,どちらでもない,,感じた,,5,,,,
205567,大安禅寺 エリア,男,1989,37,30代,福井県,福井市,100万円以上 200万円未満,mobile/iphone,2026-07-26 20:18:37,7月,大安禅寺 エリア,08.大安禅寺 エリア,福井市,福井市・永平寺町,,日帰り,福井県内には宿泊しない,福井県内には宿泊しない,福井県外には宿泊しない,自分ひとり,"地元の美味しいものを食べる
名所、旧跡の観光
",0,0,1,0,1,0,0,0,0,0,0,0,0,0,0,0,0,0,"自家用車
",1,0,0,0,0,0,0,"自家用車
",0,0,0,0,とても満足,,使わない,"1,000円以上 3,000円未満","3,000円以上 5,000円未満",11回目以上,"Instagram
",0,0,0,0,0,0,0,1,0,0,0,0,0,0,北の庄城址・柴田公園,,丸岡城,"1,000円以上 3,000円未満",とても満足,,とても満足,,感じなかった,,10,,,福井県在住,
205564,道の駅「若狭おばま」 エリア,男,1972,54,50代,愛知県,名古屋市千種区,分からない/無回答,mobile/iphone,2026-07-26 18:20:15,7月,道の駅「若狭おばま」 エリア,68.道の駅「若狭おばま」 エリア,小浜市,嶺南西部,(株)まちづくり小浜,1泊,福井県内には宿泊しない,嶺南エリア（敦賀市・美浜町・若狭町・小浜市・おおい町・高浜町）,京都府,夫婦2人,"地元の美味しいものを食べる
名所、旧跡の観光
まちあるき、都市散策
",0,0,1,0,1,0,0,0,0,0,1,0,0,0,0,0,0,0,"自家用車
",1,0,0,0,0,0,0,"自家用車
",0,0,0,0,,,使わない,"10,000円以上 20,000円未満","3,000円以上 5,000円未満",初めて,"インターネット・アプリ
",0,0,0,0,0,1,0,0,0,0,0,0,0,0,天橋立（京都府）,,選択なし/該当施設なし,"3,000円以上 5,000円未満",満足,焼き鯖寿司や地元で有名なお土産があったから,満足,お土産が充実していた,感じなかった,,7,道の駅おばまは、高速から近く便利でありお土産も充実しているから,,また行きたい（1年以内）,
205561,花の駅 ゆりの里公園 エリア,男,1991,35,30代,福井県,福井市,分からない/無回答,mobile/iphone,2026-07-26 17:37:59,7月,花の駅 ゆりの里公園 エリア,14.花の駅 ゆりの里公園 エリア,坂井市,あわら市・坂井市,(一社)DMOさかい観光局,日帰り,福井県内には宿泊しない,福井県内には宿泊しない,福井県外には宿泊しない,小学生以下連れの家族,"地元の美味しいものを食べる
お祭りやイベントへの参加・見物
",0,0,1,0,0,0,0,1,0,0,0,0,0,0,0,0,0,0,"県外から訪れていない（福井県在住）
",1,0,0,0,0,0,1,"自家用車
",0,0,0,0,,,"1,000円以上 3,000円未満","1,000円以上 3,000円未満","1,000円以上 3,000円未満",2～5回目,"観光パンフレット・ポスター
友人・知人
",0,0,0,1,0,0,0,0,0,0,1,0,0,0,選択なし/該当施設なし,,選択なし/該当施設なし,"1,000円未満",満足,トイレの清潔感を高めてほしい。,とても満足,きれいに整備されているし、遊具もあって子どもも楽しそうだった。,感じなかった,,10,,子どもが体を使って遊ぶアクティビティがあるといい。楽しかった思い出を保育園や学校で話し、来訪者が増えていくと思う。,福井県在住,自然の中で遊ぶ場所がもっと増えると良い。
205538,熊川宿 エリア,男,1975,51,50代,福井県,越前市,分からない/無回答,mobile/iphone,2026-07-26 17:02:09,7月,熊川宿 エリア,81.熊川宿 エリア,若狭町,嶺南東部,三方五湖DMO(株),日帰り,福井県内には宿泊しない,越前エリア（越前市・越前町・鯖江市・池田町・南越前町）,福井県外には宿泊しない,夫婦2人,"地元の美味しいものを食べる
名所、旧跡の観光
ドライブ・ツーリング
",0,0,1,0,1,0,0,0,0,0,0,0,0,0,1,0,0,0,"自家用車
",1,0,0,0,0,0,0,"自家用車
",0,0,0,0,,,使わない,"3,000円以上 5,000円未満","5,000円以上 10,000円未満",2～5回目,"インターネット・アプリ
",0,0,0,0,0,1,0,0,0,0,0,0,0,0,選択なし/該当施設なし,,選択なし/該当施設なし,使わない,満足,,どちらでもない,,感じなかった,,6,,,また行きたい（1年以内）,
205556,かつやま恐竜の森 エリア,女,1993,33,30代,広島県,廿日市市,700万円以上 800万円未満,mobile/iphone,2026-07-26 16:30:12,7月,かつやま恐竜の森 エリア,25.かつやま恐竜の森 エリア,勝山市,勝山市・大野市,勝山市観光まちづくり(株),1泊,1泊,福井エリア（福井市・永平寺町）,福井県外には宿泊しない,小学生以下連れの家族,"地元の美味しいものを食べる
その他
",0,0,1,0,0,0,0,0,0,0,0,0,0,0,0,0,0,0,"新幹線
在来線
",0,0,1,0,0,1,0,"旅行会社ツアーバス
",0,0,0,0,とても満足,約1時間の長旅でしたが、1秒たりとも飽きることなくあっという間に着きました。料金はいいお値段しますが、まさにお値段以上です!,"5,000円以上 10,000円未満","20,000円以上 30,000円未満","10,000円以上 20,000円未満",初めて,"インターネット・アプリ
Twitter
Instagram
ブログ
観光協会等の案内所
宿泊施設
",0,0,0,0,0,1,1,1,0,1,0,1,0,1,福井駅,,福井駅,"10,000円以上 20,000円未満",とても満足,入ってすぐにレストランやお土産屋さんがあること。また入る際にエレベーターの場所を聞かずとも教えてくださったのが素敵でした。ベビーカーだったのでとてもありがたかったです。,とても満足,恐竜の世界に吸い込まれるような体験は忘れられません。小さな子供と2人だったので、子供に合わせてサクサクっと見て回る程度でしたが、次は必ず家族全員で来て丸一日楽しみたいです。,感じなかった,,10,福井駅と博物館の間のバスの体験。降り立った時の山々の美しさ、雰囲気は圧巻でした。,正直いま以上はないのではないでしょうか?それくらい短時間でも大満足です!,また行きたい（1年以内）,
205558,かつやま恐竜の森 エリア,男,2017,9,10歳未満,神奈川県,川崎市中原区,"1,500万円以上",mobile/iphone,2026-07-26 16:28:48,7月,かつやま恐竜の森 エリア,25.かつやま恐竜の森 エリア,勝山市,勝山市・大野市,勝山市観光まちづくり(株),3泊,1泊,福井エリア（福井市・永平寺町）,石川県金沢市,小学生以下連れの家族,"名所、旧跡の観光
テーマパーク（遊園地、動物園、博物館など）
",0,0,0,0,1,1,0,0,0,0,0,0,0,0,0,0,0,0,"新幹線
",0,0,1,1,0,0,0,"タクシー
在来線
",1,0,0,0,とても満足,タクシーの運転手さんが親切でした,"10,000円以上 20,000円未満","20,000円以上 30,000円未満","10,000円以上 20,000円未満",初めて,"新聞・雑誌・ガイドブック
",0,1,0,0,0,0,0,0,0,0,0,0,0,0,一乗谷朝倉氏遺跡,,選択なし/該当施設なし,"1,000円以上 3,000円未満",とても満足,,とても満足,,感じなかった,,10,,,機会があれば行きたい,
205554,花の駅 ゆりの里公園 エリア,女,1991,35,30代,石川県,小松市,"900万円以上 1,000万円未満",mobile/android,2026-07-26 15:37:42,7月,花の駅 ゆりの里公園 エリア,14.花の駅 ゆりの里公園 エリア,坂井市,あわら市・坂井市,(一社)DMOさかい観光局,日帰り,福井県内には宿泊しない,福井県内には宿泊しない,福井県外には宿泊しない,小学生以下連れの家族,"テーマパーク（遊園地、動物園、博物館など）
",0,0,0,0,0,1,0,0,0,0,0,0,0,0,0,0,0,0,"自家用車
",1,0,0,0,0,0,0,"自家用車
",0,0,0,0,,,"3,000円以上 5,000円未満",使わない,"3,000円以上 5,000円未満",初めて,"新聞・雑誌・ガイドブック
",0,1,0,0,0,0,0,0,0,0,0,0,0,0,選択なし/該当施設なし,,選択なし/該当施設なし,"1,000円以上 3,000円未満",どちらでもない,,満足,,感じなかった,,7,,,,
205551,かつやま恐竜の森 エリア,男,1971,55,50代,兵庫県,伊丹市,500万円以上 600万円未満,mobile/android,2026-07-26 14:58:47,7月,かつやま恐竜の森 エリア,25.かつやま恐竜の森 エリア,勝山市,勝山市・大野市,勝山市観光まちづくり(株),1泊,1泊,越前エリア（越前市・越前町・鯖江市・池田町・南越前町）,福井県外には宿泊しない,小学生1人、中学生1人、大人1人,"テーマパーク（遊園地、動物園、博物館など）
買い物、アウトレット
",0,0,0,0,0,1,1,0,0,0,0,0,0,0,0,0,0,0,"自家用車
",1,0,0,0,0,0,0,"自家用車
",0,0,0,0,,,"10,000円以上 20,000円未満",使わない,"5,000円以上 10,000円未満",初めて,"インターネット・アプリ
",0,0,0,0,0,1,0,0,0,0,0,0,0,0,選択なし/該当施設なし,,選択なし/該当施設なし,"5,000円以上 10,000円未満",とても満足,,とても満足,,感じなかった,,10,,,,
205545,越前そばの里 エリア,男,1966,60,60代,福井県,敦賀市,"900万円以上 1,000万円未満",mobile/android,2026-07-26 14:43:58,7月,越前そばの里 エリア,37.越前そばの里 エリア,越前市,丹南,,日帰り,福井県内には宿泊しない,福井県内には宿泊しない,福井県外には宿泊しない,夫婦2人,"地元の美味しいものを食べる
",0,0,1,0,0,0,0,0,0,0,0,0,0,0,0,0,0,0,"自家用車
",1,0,0,0,0,0,0,"自家用車
",0,0,0,0,,,使わない,使わない,"3,000円以上 5,000円未満",2～5回目,"インターネット・アプリ
",0,0,0,0,0,1,0,0,0,0,0,0,0,0,選択なし/該当施設なし,,選択なし/該当施設なし,"3,000円以上 5,000円未満",とても満足,,とても満足,,感じなかった,,10,,,福井県在住,
205544,福井駅前 エリア,女,1969,57,50代,大阪府,交野市,400万円以上 500万円未満,mobile/android,2026-07-26 14:42:34,7月,福井駅前 エリア,01.福井駅前 エリア,福井市,福井市・永平寺町,,1泊,1泊,三国・あわらエリア（あわら市・坂井市）,福井県外には宿泊しない,自分ひとり,"友人・親戚を尋ねる
",0,0,0,0,0,0,0,0,0,0,0,0,0,0,0,1,0,0,"新幹線
",0,0,1,0,0,0,0,"その他
",0,0,0,0,満足,"ICOCAが使えた
一時間に２本、電車があった","5,000円以上 10,000円未満","10,000円以上 20,000円未満","3,000円以上 5,000円未満",11回目以上,"インターネット・アプリ
友人・知人
",0,0,0,0,0,1,0,0,0,0,1,0,0,0,選択なし/該当施設なし,,養浩館庭園,"3,000円以上 5,000円未満",どちらでもない,質問の選択肢が多すぎる,どちらでもない,,感じなかった,,8,,,また行きたい（1年以内）,
205542,東尋坊 エリア,女,1973,53,50代,東京都,新宿区,800万円以上 900万円未満,mobile/android,2026-07-26 14:26:01,7月,東尋坊 エリア,10.東尋坊 エリア,坂井市,あわら市・坂井市,(一社)DMOさかい観光局,2泊,1泊,福井エリア（福井市・永平寺町）,富山,自分ひとり,"名所、旧跡の観光
テーマパーク（遊園地、動物園、博物館など）
買い物、アウトレット
まちあるき、都市散策
",0,0,0,0,1,1,1,0,0,0,1,0,0,0,0,0,0,0,"新幹線
在来線
",0,0,1,0,0,0,0,"路線バス
",0,1,0,0,満足,,"10,000円以上 20,000円未満","20,000円以上 30,000円未満","10,000円以上 20,000円未満",2～5回目,"観光協会等の案内所
宿泊施設
",0,0,0,0,0,0,0,0,0,0,0,1,0,1,越前松島水族館,時間があれば城,養浩館庭園,"1,000円以上 3,000円未満",満足,トイレが古い。遊覧船はあいかわらずよかった。,満足,,感じた,バスがもう少しあると,8,柱状節理と、あまり混んでないところ。,,また行きたい（1年以内）,今回は行かないけど恐竜博は五回ほど。オススメ。おろしそばと羽二重餅大好き。
205543,竹田エリア,女,1987,39,30代,兵庫県,西宮市,分からない/無回答,mobile/android,2026-07-26 14:25:50,7月,竹田エリア,91.竹田エリア,坂井市,あわら市・坂井市,(一社)DMOさかい観光局,1泊,1泊,福井エリア（福井市・永平寺町）,福井県外には宿泊しない,夫婦2人,"地元の美味しいものを食べる
名所、旧跡の観光
テーマパーク（遊園地、動物園、博物館など）
買い物、アウトレット
",0,0,1,0,1,1,1,0,0,0,0,0,0,0,0,0,0,0,"レンタカー
",0,1,0,0,0,0,0,"レンタカー
",0,0,0,0,満足,,"10,000円以上 20,000円未満","5,000円以上 10,000円未満","10,000円以上 20,000円未満",初めて,"インターネット・アプリ
",0,0,0,0,0,1,0,0,0,0,0,0,0,0,選択なし/該当施設なし,近くのお城（未定）,選択なし/該当施設なし,"3,000円以上 5,000円未満",とても満足,,満足,,感じなかった,,9,,,機会があれば行きたい,
205540,web,男,1982,44,40代,兵庫県,西宮市,"1,000万円以上 1,200万円未満",mobile/iphone,2026-07-26 14:07:58,7月,竹田エリア,91.竹田エリア,坂井市,あわら市・坂井市,(一社)DMOさかい観光局,1泊,1泊,福井エリア（福井市・永平寺町）,福井県外には宿泊しない,夫婦2人,"地元の美味しいものを食べる
名所、旧跡の観光
テーマパーク（遊園地、動物園、博物館など）
",0,0,1,0,1,1,0,0,0,0,0,0,0,0,0,0,0,0,"自家用車
",1,0,0,0,0,0,0,"自家用車
",0,0,0,0,満足,自由に移動可能,"5,000円以上 10,000円未満","5,000円以上 10,000円未満","10,000円以上 20,000円未満",初めて,"インターネット・アプリ
",0,0,0,0,0,1,0,0,0,0,0,0,0,0,選択なし/該当施設なし,,選択なし/該当施設なし,"1,000円以上 3,000円未満",満足,,満足,,感じなかった,,7,,,機会があれば行きたい,
205541,レインボーライン エリア,女,1980,46,40代,三重県,津市,300万円以上 400万円未満,mobile/android,2026-07-26 14:00:46,7月,レインボーライン エリア,77.レインボーライン エリア,美浜町,嶺南東部,三方五湖DMO(株),日帰り,福井県内には宿泊しない,福井県内には宿泊しない,福井県外には宿泊しない,夫婦2人,"地元の美味しいものを食べる
",0,0,1,0,0,0,0,0,0,0,0,0,0,0,0,0,0,0,"自家用車
",1,0,0,0,0,0,0,"自家用車
",0,0,0,0,どちらでもない,,使わない,"5,000円以上 10,000円未満","3,000円以上 5,000円未満",初めて,"インターネット・アプリ
Instagram
",0,0,0,0,0,1,0,1,0,0,0,0,0,0,熊川宿,,道の駅「三方五湖」,"1,000円以上 3,000円未満",とても満足,,とても満足,,感じなかった,,8,,,また行きたい（1年以内）,
205524,web,女,1974,52,50代,岐阜県,岐阜市,"900万円以上 1,000万円未満",mobile/iphone,2026-07-26 13:54:07,7月,越前海岸 越前岬 エリア,53.越前海岸 越前岬 エリア,越前町,丹南,一般社団法人 越前町観光連盟（DMO ECHIZEN）,1泊,1泊,三国・あわらエリア（あわら市・坂井市）,福井県外には宿泊しない,その他家族,"温泉や露天風呂
地元の美味しいものを食べる
",0,1,1,0,0,0,0,0,0,0,0,0,0,0,0,0,0,0,"自家用車
",1,0,0,0,0,0,0,"自家用車
",0,0,0,0,とても満足,,"10,000円以上 20,000円未満","3,000円以上 5,000円未満","10,000円以上 20,000円未満",初めて,"観光展・物産展
",1,0,0,0,0,0,0,0,0,0,0,0,0,0,選択なし/該当施設なし,,選択なし/該当施設なし,"10,000円以上 20,000円未満",とても満足,,とても満足,,感じなかった,,10,,,また行きたい（1年以内）,
205536,web,男,1967,59,50代,岐阜県,多治見市,700万円以上 800万円未満,mobile/android,2026-07-26 13:08:58,7月,JR九頭竜湖駅 エリア,23.JR九頭竜湖駅 エリア,大野市,勝山市・大野市,,日帰り,福井県内には宿泊しない,福井県内には宿泊しない,福井県外には宿泊しない,友人,"温泉や露天風呂
アウトドア（海水浴、釣り、登山など）
",0,1,0,0,0,0,0,0,0,1,0,0,0,0,0,0,0,0,"自家用車
",1,0,0,0,0,0,0,"自家用車
",0,0,0,0,,,使わない,"1,000円以上 3,000円未満","1,000円未満",2～5回目,"Instagram
Facebook
",0,0,0,0,0,0,0,1,1,0,0,0,0,0,選択なし/該当施設なし,,選択なし/該当施設なし,"1,000円未満",満足,,満足,,感じなかった,,3,,,,
205534,JR九頭竜湖駅 エリア,男,1969,57,50代,岐阜県,岐阜市,800万円以上 900万円未満,mobile/iphone,2026-07-26 12:55:37,7月,JR九頭竜湖駅 エリア,23.JR九頭竜湖駅 エリア,大野市,勝山市・大野市,,日帰り,福井県内には宿泊しない,福井県内には宿泊しない,福井県外には宿泊しない,友人,"温泉や露天風呂
その他
",0,1,0,0,0,0,0,0,0,0,0,0,0,0,0,0,0,0,"自家用車
",1,0,0,0,0,0,0,"自家用車
",0,0,0,0,とても満足,,使わない,"1,000円以上 3,000円未満","1,000円以上 3,000円未満",2～5回目,"インターネット・アプリ
",0,0,0,0,0,1,0,0,0,0,0,0,0,0,選択なし/該当施設なし,,選択なし/該当施設なし,"1,000円以上 3,000円未満",とても満足,登山口にトイレが綺麗,とても満足,,感じなかった,,1,,,また行きたい（1年以内）,海の幸が食べたい
205532,越前そばの里 エリア,男,1971,55,50代,岐阜県,大垣市,700万円以上 800万円未満,mobile/iphone,2026-07-26 12:44:58,7月,越前そばの里 エリア,37.越前そばの里 エリア,越前市,丹南,,日帰り,福井県内には宿泊しない,福井県内には宿泊しない,その他,夫婦2人,"地元の美味しいものを食べる
名所、旧跡の観光
",0,0,1,0,1,0,0,0,0,0,0,0,0,0,0,0,0,0,"自家用車
",1,0,0,0,0,0,0,"自家用車
",0,0,0,0,とても満足,,"5,000円以上 10,000円未満","3,000円以上 5,000円未満","5,000円以上 10,000円未満",2～5回目,"TV・ラジオ番組やCM
",0,0,1,0,0,0,0,0,0,0,0,0,0,0,選択なし/該当施設なし,,選択なし/該当施設なし,"3,000円以上 5,000円未満",とても満足,,とても満足,,感じなかった,,10,,,,
205531,web,男,1991,35,30代,兵庫県,神戸市北区,"1,000万円以上 1,200万円未満",mobile/iphone,2026-07-26 12:32:41,7月,レインボーライン エリア,77.レインボーライン エリア,美浜町,嶺南東部,三方五湖DMO(株),日帰り,福井県内には宿泊しない,福井県内には宿泊しない,福井県外には宿泊しない,小学生以下連れの家族,"地元の美味しいものを食べる
",0,0,1,0,0,0,0,0,0,0,0,0,0,0,0,0,0,0,"自家用車
",1,0,0,0,0,0,0,"自家用車
",0,0,0,0,,,使わない,"5,000円以上 10,000円未満","10,000円以上 20,000円未満",初めて,"インターネット・アプリ
Instagram
",0,0,0,0,0,1,0,1,0,0,0,0,0,0,選択なし/該当施設なし,,選択なし/該当施設なし,"1,000円以上 3,000円未満",満足,,満足,,感じなかった,,8,,,また行きたい（1年以内）,
205530,東尋坊 エリア,女,1977,49,40代,愛知県,名古屋市天白区,"900万円以上 1,000万円未満",mobile/android,2026-07-26 12:25:36,7月,東尋坊 エリア,10.東尋坊 エリア,坂井市,あわら市・坂井市,(一社)DMOさかい観光局,日帰り,福井県内には宿泊しない,福井県内には宿泊しない,日帰り,小学生以下連れの家族,"名所、旧跡の観光
テーマパーク（遊園地、動物園、博物館など）
",0,0,0,0,1,1,0,0,0,0,0,0,0,0,0,0,0,0,"自家用車
",1,0,0,0,0,0,0,"自家用車
",0,0,0,0,とても満足,,使わない,"5,000円以上 10,000円未満","30,000円以上 40,000円未満",2～5回目,"インターネット・アプリ
",0,0,0,0,0,1,0,0,0,0,0,0,0,0,選択なし/該当施設なし,,東尋坊,"5,000円以上 10,000円未満",とても満足,,とても満足,,感じなかった,,10,,,また行きたい（1年以内）,
205527,メガネストリート エリア,女,1982,44,40代,石川県,金沢市,"900万円以上 1,000万円未満",mobile/iphone,2026-07-26 11:29:51,7月,メガネストリート エリア,45.メガネストリート エリア,鯖江市,丹南,,日帰り,福井県内には宿泊しない,福井県内には宿泊しない,福井県外には宿泊しない,小学生以下連れの家族,"名所、旧跡の観光
",0,0,0,0,1,0,0,0,0,0,0,0,0,0,0,0,0,0,"自家用車
",1,0,0,0,0,0,0,"自家用車
",0,0,0,0,とても満足,,使わない,"3,000円以上 5,000円未満","5,000円以上 10,000円未満",初めて,"観光展・物産展
",1,0,0,0,0,0,0,0,0,0,0,0,0,0,一乗谷朝倉氏遺跡,,選択なし/該当施設なし,使わない,とても満足,,満足,,感じなかった,,7,,,また行きたい（1年以内）,
205526,道の駅「恐竜渓谷かつやま」 エリア,女,1956,70,70代,埼玉県,北葛飾郡,300万円以上 400万円未満,mobile/android,2026-07-26 11:17:03,7月,道の駅「恐竜渓谷かつやま」 エリア,26.道の駅「恐竜渓谷かつやま」 エリア,勝山市,勝山市・大野市,勝山市観光まちづくり(株),4泊以上,1泊,嶺南エリア（敦賀市・美浜町・若狭町・小浜市・おおい町・高浜町）,石川県金沢市,夫婦2人,"地元の美味しいものを食べる
名所、旧跡の観光
ドライブ・ツーリング
",0,0,1,0,1,0,0,0,0,0,0,0,0,0,1,0,0,0,"自家用車
",1,0,0,0,0,0,0,"自家用車
",0,0,0,0,とても満足,道路が安全で空いていた,"5,000円以上 10,000円未満","5,000円以上 10,000円未満","3,000円以上 5,000円未満",初めて,"観光パンフレット・ポスター
友人・知人
観光協会等の案内所
",0,0,0,1,0,0,0,0,0,0,1,1,0,0,丸岡城,,越前大野城,"1,000円以上 3,000円未満",どちらでもない,混雑　狭い,どちらでもない,,感じなかった,,7,,,機会があれば行きたい,猛暑でも傷まないお土産
205521,名勝 養浩館庭園 エリア,男,1965,61,60代,千葉県,千葉市美浜区,700万円以上 800万円未満,mobile/iphone,2026-07-26 10:41:43,7月,名勝 養浩館庭園 エリア,04.名勝 養浩館庭園 エリア,福井市,福井市・永平寺町,,1泊,1泊,福井エリア（福井市・永平寺町）,福井県外には宿泊しない,友人,"地元の美味しいものを食べる
名所、旧跡の観光
",0,0,1,0,1,0,0,0,0,0,0,0,0,0,0,0,0,0,"新幹線
",0,0,1,0,0,0,0,"徒歩
",0,0,1,0,,,"10,000円以上 20,000円未満","10,000円以上 20,000円未満","10,000円以上 20,000円未満",初めて,"観光パンフレット・ポスター
",0,0,0,1,0,0,0,0,0,0,0,0,0,0,大本山永平寺,,選択なし/該当施設なし,"1,000円以上 3,000円未満",満足,,満足,,感じなかった,,5,,,,
205515,今庄宿 エリア,女,1971,55,50代,富山県,小矢部市,800万円以上 900万円未満,mobile/android,2026-07-26 08:35:58,7月,今庄宿 エリア,60.今庄宿 エリア,南越前町,丹南,,1泊,1泊,越前エリア（越前市・越前町・鯖江市・池田町・南越前町）,福井県外には宿泊しない,中学生以上連れの家族,"スポーツ観戦や芸能鑑賞（コンサート等）
",0,0,0,0,0,0,0,0,1,0,0,0,0,0,0,0,0,0,"自家用車
",1,0,0,0,0,0,0,"自家用車
",0,0,0,0,,,"5,000円以上 10,000円未満","5,000円以上 10,000円未満","10,000円以上 20,000円未満",初めて,"インターネット・アプリ
",0,0,0,0,0,1,0,0,0,0,0,0,0,0,選択なし/該当施設なし,,選択なし/該当施設なし,"5,000円以上 10,000円未満",満足,,満足,,感じなかった,,6,,,機会があれば行きたい,宿や道の駅のスタッフさんがとても親切でした。ふくいハピコインでお得に旅が楽しめて満足しました!
205513,小浜市 阿納 エリア,男,1969,57,50代,滋賀県,草津市,分からない/無回答,mobile/iphone,2026-07-26 07:26:12,7月,小浜市 阿納 エリア,67.小浜市 阿納 エリア,小浜市,嶺南西部,(株)まちづくり小浜,1泊,1泊,嶺南エリア（敦賀市・美浜町・若狭町・小浜市・おおい町・高浜町）,福井県外には宿泊しない,中学生以上連れの家族,"アウトドア（海水浴、釣り、登山など）
",0,0,0,0,0,0,0,0,0,1,0,0,0,0,0,0,0,0,"自家用車
",1,0,0,0,0,0,0,"自家用車
",0,0,0,0,とても満足,家から近く、交通渋滞もないので楽に到着できた。,"10,000円以上 20,000円未満","3,000円以上 5,000円未満","3,000円以上 5,000円未満",11回目以上,"インターネット・アプリ
",0,0,0,0,0,1,0,0,0,0,0,0,0,0,選択なし/該当施設なし,,選択なし/該当施設なし,"10,000円以上 20,000円未満",とても満足,宿も海水浴も充分楽しめた。,とても満足,快適に過ごせた。,感じなかった,,10,,,また行きたい（1年以内）,恐竜博物館へ行ってみたい。
205512,道の駅「恐竜渓谷かつやま」 エリア,男,1970,56,50代,宮城県,仙台市太白区,"1,000万円以上 1,200万円未満",mobile/android,2026-07-26 06:40:28,7月,道の駅「恐竜渓谷かつやま」 エリア,26.道の駅「恐竜渓谷かつやま」 エリア,勝山市,勝山市・大野市,勝山市観光まちづくり(株),1泊,1泊,福井エリア（福井市・永平寺町）,福井県外には宿泊しない,自分ひとり,"その他
",0,0,0,0,0,0,0,0,0,0,0,0,0,0,0,0,0,0,"自家用車
",1,0,0,0,0,0,0,"自家用車
",0,0,0,0,とても満足,,"5,000円以上 10,000円未満","5,000円以上 10,000円未満","3,000円以上 5,000円未満",2～5回目,"インターネット・アプリ
",0,0,0,0,0,1,0,0,0,0,0,0,0,0,選択なし/該当施設なし,,選択なし/該当施設なし,"1,000円以上 3,000円未満",とても満足,,とても満足,,感じなかった,,8,,,また行きたい（1年以内）,
205572,丸岡城 エリア,男,1976,50,50代,東京都,武蔵野市,600万円以上 700万円未満,mobile/android,2026-07-27 21:47:35,7月,大本山 永平寺 エリア,34.大本山 永平寺 エリア,永平寺町,福井市・永平寺町,,4泊以上,2泊,福井エリア（福井市・永平寺町）,石川県金沢市,中学生以上連れの家族,"アウトドア（海水浴、釣り、登山など）
",0,0,0,0,0,0,0,0,0,1,0,0,0,0,0,0,0,0,"新幹線
",0,1,1,0,0,0,0,"レンタカー
",0,0,0,0,どちらでもない,,"10,000円以上 20,000円未満","50,000円以上 100,000円未満","50,000円以上 100,000円未満",2～5回目,"新聞・雑誌・ガイドブック
",0,1,0,0,0,0,0,0,0,0,0,0,0,0,北の庄城址・柴田公園,,福井県立恐竜博物館,"20,000円以上 30,000円未満",とても満足,"座禅体験が最高でした。
頭がスッキリとしたし、良い経験を家族で出来たと思います",とても満足,寺院全部が大変素敵な雰囲気でした,感じなかった,,10,永平寺と座禅体験,歴史、静謐な雰囲気,機会があれば行きたい,歴史、美味しい食べ物、美しい自然
205572,丸岡城 エリア,男,1976,50,50代,東京都,武蔵野市,600万円以上 700万円未満,mobile/android,2026-07-27 21:35:05,7月,九頭竜川 エリア（鮎・釣り）,32.九頭竜川 エリア（鮎・釣り）,永平寺町,福井市・永平寺町,,4泊以上,2泊,福井エリア（福井市・永平寺町）,石川県金沢市,中学生以上連れの家族,"アウトドア（海水浴、釣り、登山など）
",0,0,0,0,0,0,0,0,0,1,0,0,0,0,0,0,0,0,"新幹線
",0,1,1,0,0,0,0,"レンタカー
",0,0,0,0,満足,スムーズに目的地に到着,"10,000円以上 20,000円未満","50,000円以上 100,000円未満","50,000円以上 100,000円未満",初めて,"新聞・雑誌・ガイドブック
",0,1,0,0,0,0,0,0,0,0,0,0,0,0,大本山永平寺,,福井県立恐竜博物館,"3,000円以上 5,000円未満",とても満足,天然鮎と鮎並がとても美味しかった,満足,,感じなかった,,9,天然鮎,川遊び、釣り,機会があれば行きたい,"美味しいものが多く、楽しいです

永平寺の座禅体験もスッキリして最高でした"
205540,web,男,1982,44,40代,兵庫県,西宮市,"1,000万円以上 1,200万円未満",mobile/iphone,2026-07-27 20:30:24,7月,道の駅「南えちぜん山海里」 エリア,58.道の駅「南えちぜん山海里」 エリア,南越前町,丹南,,1泊,1泊,福井エリア（福井市・永平寺町）,福井県外には宿泊しない,夫婦2人,"テーマパーク（遊園地、動物園、博物館など）
",0,0,0,0,0,1,0,0,0,0,0,0,0,0,0,0,0,0,"自家用車
",0,1,0,0,0,0,0,"レンタカー
",0,0,0,0,どちらでもない,,"5,000円以上 10,000円未満","5,000円以上 10,000円未満","10,000円以上 20,000円未満",初めて,"インターネット・アプリ
",0,0,0,0,0,1,0,0,0,0,0,0,0,0,福井県立恐竜博物館,,選択なし/該当施設なし,"1,000円未満",満足,,満足,,感じなかった,,6,,,機会があれば行きたい,
205585,福井駅前 エリア,女,1975,51,50代,神奈川県,大和市,600万円以上 700万円未満,mobile/android,2026-07-27 15:33:05,7月,丸岡城 エリア,13.丸岡城 エリア,坂井市,あわら市・坂井市,(一社)DMOさかい観光局,1泊,福井県内には宿泊しない,福井県内には宿泊しない,石川県金沢市,自分ひとり,"名所、旧跡の観光
",0,0,0,0,1,0,0,0,0,0,0,0,0,0,0,0,0,0,"在来線
",0,0,0,0,0,0,0,"路線バス
",0,1,0,0,満足,安い,使わない,"30,000円以上 40,000円未満","5,000円以上 10,000円未満",初めて,"インターネット・アプリ
",0,0,0,0,0,1,0,0,0,0,0,0,0,0,一乗谷朝倉氏遺跡,,選択なし/該当施設なし,"1,000円以上 3,000円未満",どちらでもない,,満足,,感じた,工事中だった、残念,5,,,また行きたい（1年以内）,"プランがいくつかあると良い

お城、お寺、食べ物"
205540,web,男,1982,44,40代,兵庫県,西宮市,"1,000万円以上 1,200万円未満",mobile/iphone,2026-07-27 14:48:13,7月,かつやま恐竜の森 エリア,25.かつやま恐竜の森 エリア,勝山市,勝山市・大野市,勝山市観光まちづくり(株),1泊,1泊,福井エリア（福井市・永平寺町）,福井県外には宿泊しない,夫婦2人,"テーマパーク（遊園地、動物園、博物館など）
",0,0,0,0,0,1,0,0,0,0,0,0,0,0,0,0,0,0,"自家用車
",0,1,0,0,0,0,0,"レンタカー
",0,0,0,0,満足,,"5,000円以上 10,000円未満","5,000円以上 10,000円未満","10,000円以上 20,000円未満",初めて,"インターネット・アプリ
",0,0,0,0,0,1,0,0,0,0,0,0,0,0,越前大野城,,選択なし/該当施設なし,"5,000円以上 10,000円未満",とても満足,,とても満足,,感じた,駐車場が空いているのに満車,8,,,機会があれば行きたい,
205599,三国湊 エリア,女,1967,59,50代,東京都,東久留米市,600万円以上 700万円未満,mobile/android,2026-07-27 12:31:50,7月,三国湊 エリア,09.三国湊 エリア,坂井市,あわら市・坂井市,(一社)DMOさかい観光局,2泊,2泊,三国・あわらエリア（あわら市・坂井市）,福井県外には宿泊しない,その他家族,"テーマパーク（遊園地、動物園、博物館など）
",0,0,0,0,0,1,0,0,0,0,0,0,0,0,0,0,0,0,"レンタカー
新幹線
",0,1,1,0,0,0,0,"レンタカー
",0,0,0,0,満足,,"50,000円以上 100,000円未満","30,000円以上 40,000円未満","20,000円以上 30,000円未満",初めて,"新聞・雑誌・ガイドブック
観光協会等の案内所
",0,1,0,0,0,0,0,0,0,0,0,1,0,0,一乗谷朝倉氏遺跡,,選択なし/該当施設なし,"5,000円以上 10,000円未満",満足,,満足,,感じた,月曜日だったので、見学先やお店がしまっているところが多かった。,8,ご飯が美味しい,観光バス,機会があれば行きたい,
205597,web,女,2000,26,20代,愛知県,名古屋市中村区,400万円以上 500万円未満,mobile/iphone,2026-07-27 12:08:42,7月,東尋坊 エリア,10.東尋坊 エリア,坂井市,あわら市・坂井市,(一社)DMOさかい観光局,2泊,2泊,三国・あわらエリア（あわら市・坂井市）,福井県外には宿泊しない,友人,"温泉や露天風呂
地元の美味しいものを食べる
名所、旧跡の観光
友人・親戚を尋ねる
",0,1,1,0,1,0,0,0,0,0,0,0,0,0,0,1,0,0,"新幹線
在来線
",0,1,1,0,0,0,0,"レンタカー
",0,0,0,0,満足,,"5,000円以上 10,000円未満","20,000円以上 30,000円未満","20,000円以上 30,000円未満",初めて,"友人・知人
",0,0,0,0,0,0,0,0,0,0,1,0,0,0,越前大仏,,福井駅,"1,000円以上 3,000円未満",満足,ソフトが美味しかった,満足,どこがメインの見どころか分かりづらい,感じなかった,,8,食べ物が満足,,機会があれば行きたい,
205598,東尋坊 エリア,女,1997,29,20代,福岡県,北九州市八幡西区,400万円以上 500万円未満,mobile/iphone,2026-07-27 12:04:53,7月,東尋坊 エリア,10.東尋坊 エリア,坂井市,あわら市・坂井市,(一社)DMOさかい観光局,2泊,2泊,福井エリア（福井市・永平寺町）,福井県外には宿泊しない,職場の同僚,"名所、旧跡の観光
",0,0,0,0,1,0,0,0,0,0,0,0,0,0,0,0,0,生成AI,"新幹線
在来線
",1,1,1,0,0,0,0,"自家用車
レンタカー
",0,0,0,0,満足,,"10,000円以上 20,000円未満","30,000円以上 40,000円未満","10,000円以上 20,000円未満",初めて,"その他
",0,0,0,0,0,0,0,0,0,0,0,0,0,0,福井県立恐竜博物館,雄島,選択なし/該当施設なし,"1,000円未満",満足,,満足,,感じなかった,,7,,,,
205540,web,男,1982,44,40代,兵庫県,西宮市,"1,000万円以上 1,200万円未満",mobile/iphone,2026-07-27 11:41:03,7月,越前大野城・城下町 エリア,21.越前大野城・城下町 エリア,大野市,勝山市・大野市,,1泊,1泊,福井エリア（福井市・永平寺町）,福井県外には宿泊しない,夫婦2人,"テーマパーク（遊園地、動物園、博物館など）
",0,0,0,0,0,1,0,0,0,0,0,0,0,0,0,0,0,0,"自家用車
",1,0,0,0,0,0,0,"自家用車
",0,0,0,0,満足,,"5,000円以上 10,000円未満","5,000円以上 10,000円未満","10,000円以上 20,000円未満",初めて,"インターネット・アプリ
",0,0,0,0,0,1,0,0,0,0,0,0,0,0,一乗谷朝倉氏遺跡,,選択なし/該当施設なし,"1,000円以上 3,000円未満",満足,,満足,,感じなかった,,6,,,機会があれば行きたい,
205594,東尋坊 エリア,男,1975,51,50代,大阪府,豊中市,300万円以上 400万円未満,mobile/iphone,2026-07-27 11:30:12,7月,東尋坊 エリア,10.東尋坊 エリア,坂井市,あわら市・坂井市,(一社)DMOさかい観光局,1泊,1泊,三国・あわらエリア（あわら市・坂井市）,福井県外には宿泊しない,中学生以上連れの家族,"アウトドア（海水浴、釣り、登山など）
",0,0,0,0,0,0,0,0,0,1,0,0,0,0,0,0,0,0,"自家用車
",1,0,0,0,0,0,0,"自家用車
",0,0,0,0,,,"30,000円以上 40,000円未満","10,000円以上 20,000円未満","10,000円以上 20,000円未満",初めて,"新聞・雑誌・ガイドブック
",0,1,0,0,0,0,0,0,0,0,0,0,0,0,芝政ワールド,,エルガイアおおい,"5,000円以上 10,000円未満",とても満足,店の人がとても親切でした,とても満足,,感じた,"崖のところですが当たり前だが
断崖絶壁だから無理とは思うが歩行者ように手すりなどつけてくれたら良かった",8,風景などいろんな施設,特になし,また行きたい（1年以内）,
205587,かつやま恐竜の森 エリア,女,1969,57,50代,大阪府,松原市,200万円以上 300万円未満,mobile/android,2026-07-27 11:25:41,7月,かつやま恐竜の森 エリア,25.かつやま恐竜の森 エリア,勝山市,勝山市・大野市,勝山市観光まちづくり(株),1泊,1泊,福井エリア（福井市・永平寺町）,福井県外には宿泊しない,夫婦2人,"宿でのんびり過ごす
温泉や露天風呂
地元の美味しいものを食べる
花見や紅葉などの自然鑑賞
テーマパーク（遊園地、動物園、博物館など）
",1,1,1,1,0,1,0,0,0,0,0,0,0,0,0,0,0,0,"新幹線
",0,0,1,0,0,0,0,"路線バス
",0,1,0,0,とても満足,トイレで走ったさい待ってくれた,"10,000円以上 20,000円未満","10,000円以上 20,000円未満","30,000円以上 40,000円未満",2～5回目,"観光展・物産展
新聞・雑誌・ガイドブック
インターネット・アプリ
",1,1,0,0,0,1,0,0,0,0,0,0,0,0,東尋坊,足湯,選択なし/該当施設なし,"1,000円以上 3,000円未満",とても満足,,とても満足,,感じなかった,,10,,,また行きたい（1年以内）,
205592,越前そばの里 エリア,男,1968,58,50代,愛知県,北設楽郡,"900万円以上 1,000万円未満",mobile/iphone,2026-07-27 11:23:09,7月,越前そばの里 エリア,37.越前そばの里 エリア,越前市,丹南,,1泊,福井県内には宿泊しない,福井県内には宿泊しない,石川県加賀市,夫婦2人,"温泉や露天風呂
",0,1,0,0,0,0,0,0,0,0,0,0,0,0,0,0,0,0,"自家用車
",1,0,0,0,0,0,0,"自家用車
",0,0,0,0,,,使わない,"20,000円以上 30,000円未満","20,000円以上 30,000円未満",6～10回目,"観光展・物産展
新聞・雑誌・ガイドブック
",1,1,0,0,0,0,0,0,0,0,0,0,0,0,敦賀赤レンガ倉庫,日本海魚街,選択なし/該当施設なし,"3,000円以上 5,000円未満",満足,そばの魅力を教えてくれるから,満足,,感じなかった,,8,,,機会があれば行きたい,
205591,web,男,1956,70,70代,福井県,越前市,200万円以上 300万円未満,mobile/android,2026-07-27 11:08:43,7月,越前そばの里 エリア,37.越前そばの里 エリア,越前市,丹南,,日帰り,福井県内には宿泊しない,福井県内には宿泊しない,福井県外には宿泊しない,自分ひとり,"ドライブ・ツーリング
",0,0,0,0,0,0,0,0,0,0,0,0,0,0,1,0,0,0,"自家用車
",1,0,0,0,0,0,0,"自家用車
",0,0,0,0,,,"3,000円以上 5,000円未満","5,000円以上 10,000円未満","5,000円以上 10,000円未満",2～5回目,"観光パンフレット・ポスター
",0,0,0,1,0,0,0,0,0,0,0,0,0,0,一乗谷朝倉氏遺跡,,越前大野城,"5,000円以上 10,000円未満",どちらでもない,,どちらでもない,,感じなかった,,5,,,どちらともいえない,
205589,越前そばの里 エリア,男,1956,70,70代,福井県,鯖江市,300万円以上 400万円未満,mobile/iphone,2026-07-27 10:47:42,7月,越前そばの里 エリア,37.越前そばの里 エリア,越前市,丹南,,日帰り,福井県内には宿泊しない,福井県内には宿泊しない,京都,夫婦2人,"買い物、アウトレット
",0,0,0,0,0,0,1,0,0,0,0,0,0,0,0,0,0,0,"自家用車
",1,0,0,0,0,0,0,"自家用車
",0,0,0,0,どちらでもない,,使わない,使わない,使わない,11回目以上,"観光展・物産展
友人・知人
",1,0,0,0,0,0,0,0,0,0,1,0,0,0,選択なし/該当施設なし,,選択なし/該当施設なし,"3,000円以上 5,000円未満",満足,,満足,,感じなかった,,10,,,福井県在住,
205586,越前海岸 くりや旅館街 エリア,女,1977,49,40代,神奈川県,川崎市中原区,"1,500万円以上",mobile/android,2026-07-27 09:52:44,7月,越前海岸 くりや旅館街 エリア,57.越前海岸 くりや旅館街 エリア,越前町,丹南,一般社団法人 越前町観光連盟（DMO ECHIZEN）,2泊,2泊,越前エリア（越前市・越前町・鯖江市・池田町・南越前町）,福井県外には宿泊しない,夫婦2人,"宿でのんびり過ごす
温泉や露天風呂
地元の美味しいものを食べる
各種体験（手作り、果物狩りなど）
",1,1,1,0,0,0,0,0,0,0,0,1,0,0,0,0,0,0,"自家用車
",1,0,0,0,0,0,0,"自家用車
",0,0,0,0,,,"40,000円以上 50,000円未満","10,000円以上 20,000円未満","20,000円以上 30,000円未満",2～5回目,"インターネット・アプリ
",0,0,0,0,0,1,0,0,0,0,0,0,0,0,九頭竜湖,,選択なし/該当施設なし,"10,000円以上 20,000円未満",とても満足,,とても満足,,感じなかった,,10,,,また行きたい（1年以内）,
205583,道の駅「若狭おばま」 エリア,男,1973,53,50代,滋賀県,守山市,100万円未満,mobile/iphone,2026-07-27 09:45:53,7月,道の駅「若狭おばま」 エリア,68.道の駅「若狭おばま」 エリア,小浜市,嶺南西部,(株)まちづくり小浜,日帰り,福井県内には宿泊しない,福井県内には宿泊しない,福井県外には宿泊しない,自分ひとり,"温泉や露天風呂
",0,1,0,0,0,0,0,0,0,0,0,0,0,0,0,0,0,0,"自家用車
",1,0,0,0,0,0,0,"自家用車
",0,0,0,0,,,使わない,"1,000円未満","5,000円以上 10,000円未満",初めて,"Instagram
",0,0,0,0,0,0,0,1,0,0,0,0,0,0,選択なし/該当施設なし,,選択なし/該当施設なし,"5,000円以上 10,000円未満",満足,,満足,,感じなかった,,8,,,,
205585,福井駅前 エリア,女,1975,51,50代,神奈川県,大和市,600万円以上 700万円未満,mobile/android,2026-07-27 09:45:07,7月,福井駅前 エリア,01.福井駅前 エリア,福井市,福井市・永平寺町,,1泊,福井県内には宿泊しない,福井県内には宿泊しない,石川県金沢市,自分ひとり,"地元の美味しいものを食べる
名所、旧跡の観光
",0,0,1,0,1,0,0,0,0,0,0,0,0,0,0,0,0,0,"新幹線
在来線
",0,0,1,1,0,0,0,"在来線
",0,0,0,0,とても満足,,使わない,"30,000円以上 40,000円未満","5,000円以上 10,000円未満",初めて,"インターネット・アプリ
",0,0,0,0,0,1,0,0,0,0,0,0,0,0,一乗谷朝倉氏遺跡,,丸岡城,"1,000円以上 3,000円未満",とても満足,案内所の人がとてもわかりやすくて親切だった,満足,,感じなかった,,5,,,また行きたい（1年以内）,
205584,web,男,1964,62,60代,千葉県,船橋市,500万円以上 600万円未満,mobile/iphone,2026-07-27 09:39:34,7月,JR美浜駅 エリア,79.JR美浜駅 エリア,美浜町,嶺南東部,三方五湖DMO(株),1泊,1泊,嶺南エリア（敦賀市・美浜町・若狭町・小浜市・おおい町・高浜町）,愛知県,夫婦2人,"宿でのんびり過ごす
",1,0,0,0,0,0,0,0,0,0,0,0,0,0,0,0,0,0,"自家用車
",1,0,0,0,0,0,0,"自家用車
",0,0,0,0,とても満足,,"40,000円以上 50,000円未満","40,000円以上 50,000円未満","30,000円以上 40,000円未満",初めて,"観光展・物産展
インターネット・アプリ
",1,0,0,0,0,1,0,0,0,0,0,0,0,0,選択なし/該当施設なし,,選択なし/該当施設なし,"5,000円以上 10,000円未満",満足,,満足,,感じなかった,,9,,,機会があれば行きたい,
205580,東尋坊 エリア,女,1982,44,40代,神奈川県,横浜市中区,500万円以上 600万円未満,mobile/iphone,2026-07-27 09:19:12,7月,東尋坊 エリア,10.東尋坊 エリア,坂井市,あわら市・坂井市,(一社)DMOさかい観光局,4泊以上,4泊以上,嶺南エリア（敦賀市・美浜町・若狭町・小浜市・おおい町・高浜町）,福井県外には宿泊しない,小学生以下連れの家族,"宿でのんびり過ごす
温泉や露天風呂
地元の美味しいものを食べる
名所、旧跡の観光
テーマパーク（遊園地、動物園、博物館など）
まちあるき、都市散策
ドライブ・ツーリング
",1,1,1,0,1,1,0,0,0,0,1,0,0,0,1,0,0,0,"レンタカー
飛行機
",0,1,0,0,1,0,0,"レンタカー
",0,0,0,0,とても満足,楽しかった,"50,000円以上 100,000円未満","50,000円以上 100,000円未満","100,000円以上",初めて,"新聞・雑誌・ガイドブック
インターネット・アプリ
Instagram
観光協会等の案内所
",0,1,0,0,0,1,0,1,0,0,0,1,0,0,選択なし/該当施設なし,,芝政ワールド,"5,000円以上 10,000円未満",とても満足,美味しかった,とても満足,,感じなかった,,10,景色が素晴らしい,,また行きたい（1年以内）,温泉も素晴らしかった
205579,東尋坊 エリア,男,1985,41,40代,神奈川県,横浜市中区,600万円以上 700万円未満,mobile/iphone,2026-07-27 09:14:24,7月,東尋坊 エリア,10.東尋坊 エリア,坂井市,あわら市・坂井市,(一社)DMOさかい観光局,4泊以上,2泊,福井エリア（福井市・永平寺町）,石川県金沢市,小学生以下連れの家族,"地元の美味しいものを食べる
",0,0,1,0,0,0,0,0,0,0,0,0,0,0,0,0,0,0,"レンタカー
",0,1,0,0,0,0,0,"レンタカー
",0,0,0,0,とても満足,,"30,000円以上 40,000円未満","30,000円以上 40,000円未満","20,000円以上 30,000円未満",初めて,"観光展・物産展
",1,0,0,0,0,0,0,0,0,0,0,0,0,0,選択なし/該当施設なし,,越前大仏,"3,000円以上 5,000円未満",とても満足,,とても満足,,感じなかった,,10,,,また行きたい（1年以内）,
205573,かつやま恐竜の森 エリア,女,1964,62,60代,静岡県,掛川市,200万円以上 300万円未満,mobile/android,2026-07-27 07:56:15,7月,かつやま恐竜の森 エリア,25.かつやま恐竜の森 エリア,勝山市,勝山市・大野市,勝山市観光まちづくり(株),1泊,1泊,三国・あわらエリア（あわら市・坂井市）,福井県外には宿泊しない,夫婦2人,"温泉や露天風呂
テーマパーク（遊園地、動物園、博物館など）
その他
",0,1,0,0,0,1,0,0,0,0,0,0,0,0,0,0,0,0,"自家用車
",1,0,0,0,0,0,0,"自家用車
",0,0,0,0,,,"20,000円以上 30,000円未満","10,000円以上 20,000円未満","20,000円以上 30,000円未満",初めて,"観光展・物産展
新聞・雑誌・ガイドブック
宿泊施設
",1,1,0,0,0,0,0,0,0,0,0,0,0,1,大本山永平寺,,越前がにミュージアム,"5,000円以上 10,000円未満",とても満足,,満足,"恐竜博物館の館内を回るのにもっと分かりやすい閲覧コースを表示して、ちゃんと順序よく１周出来ると嬉しいです。

ごちゃごちゃしているのでどこを見たか？見てないのはどこか？とても迷いました。",感じた,"高齢者マークを付けている車を優先的に近くの駐車場に案内して欲しい。
遠い駐車場から歩くのは大変辛かった。
恐竜博物館の駐車場から恐竜博物館に向かう途中の階段に手摺りが欲しいです。
年寄りには階段を手摺りなしで上がったり下ったりはキツイし危険です。
手摺りがあると安心です。",10,とても楽しい時間を過ごせました。,かにファクトリー甲羅組も恐竜博物館も東尋坊も色々と観光しました。ありがとうございます。,また行きたい（1年以内）,プレゼント企画嬉しいです。
205563,web,男,1958,68,60代,石川県,金沢市,800万円以上 900万円未満,mobile/android,2026-07-28 13:23:21,7月,越前大野城・城下町 エリア,21.越前大野城・城下町 エリア,大野市,勝山市・大野市,,日帰り,福井県内には宿泊しない,福井県内には宿泊しない,福井県外には宿泊しない,夫婦2人,"名所、旧跡の観光
",0,0,0,0,1,0,0,0,0,0,0,0,0,0,0,0,0,0,"自家用車
",1,0,0,0,0,0,0,"自家用車
",0,0,0,0,満足,,"1,000円以上 3,000円未満","1,000円以上 3,000円未満","1,000円以上 3,000円未満",2～5回目,"インターネット・アプリ
",0,0,0,0,0,1,0,0,0,0,0,0,0,0,選択なし/該当施設なし,,選択なし/該当施設なし,"1,000円以上 3,000円未満",満足,,満足,,感じなかった,,2,,,,
205563,web,男,1958,68,60代,石川県,金沢市,800万円以上 900万円未満,mobile/android,2026-07-28 13:04:39,7月,道の駅「越前おおの荒島の郷」 エリア,22.道の駅「越前おおの荒島の郷」 エリア,大野市,勝山市・大野市,,日帰り,福井県内には宿泊しない,福井県内には宿泊しない,福井県外には宿泊しない,夫婦2人,"名所、旧跡の観光
",0,0,0,0,1,0,0,0,0,0,0,0,0,0,0,0,0,0,"自家用車
",1,0,0,0,0,0,0,"自家用車
",0,0,0,0,とても満足,,"1,000円以上 3,000円未満","1,000円以上 3,000円未満","1,000円以上 3,000円未満",2～5回目,"インターネット・アプリ
",0,0,0,0,0,1,0,0,0,0,0,0,0,0,選択なし/該当施設なし,,選択なし/該当施設なし,"3,000円以上 5,000円未満",とても満足,,とても満足,,感じなかった,,2,,,,
205563,web,男,1958,68,60代,石川県,金沢市,800万円以上 900万円未満,mobile/android,2026-08-06 12:09:44,8月,道の駅「越前おおの荒島の郷」 エリア,22.道の駅「越前おおの荒島の郷」 エリア,大野市,勝山市・大野市,,日帰り,福井県内には宿泊しない,福井県内には宿泊しない,福井県外には宿泊しない,自分ひとり,"出張など仕事関係
",0,0,0,0,0,0,0,0,0,0,0,0,0,0,0,0,1,0,"自家用車
",1,0,0,0,0,0,0,"自家用車
",0,0,0,0,とても満足,,"1,000円未満","1,000円未満","1,000円未満",2～5回目,"友人・知人
",0,0,0,0,0,0,0,0,0,0,1,0,0,0,一乗谷朝倉氏遺跡,,一乗谷朝倉氏遺跡,"1,000円未満",とても満足,,とても満足,,感じなかった,,3,,,,
